"","X","obs","Y"
"1",0.001,1,-0.00212823165913153
"2",0.002,2,-0.0256039274086761
"3",0.003,3,0.0391116495214462
"4",0.004,4,0.0904197253042363
"5",0.005,5,0.0479454918818814
"6",0.006,6,0.0432765009757837
"7",0.007,7,0.0579540317253314
"8",0.008,8,-0.0945048948618316
"9",0.009,9,-0.0838043661770825
"10",0.01,10,0.0293157675209635
"11",0.011,11,-0.067646767428033
"12",0.012,12,-0.0489962690346701
"13",0.013,13,0.0667644215443062
"14",0.014,14,0.057850573289069
"15",0.015,15,0.0153942242269237
"16",0.016,16,0.0560183613231471
"17",0.017,17,0.00862112475242589
"18",0.018,18,0.0555256175879704
"19",0.019,19,0.0632404852767493
"20",0.02,20,0.01088650928211
"21",0.021,21,-0.00048428576481244
"22",0.022,22,0.0306063731390884
"23",0.023,23,0.0192343235859641
"24",0.024,24,0.0497000020783903
"25",0.025,25,-0.0575100383567498
"26",0.026,26,-0.110306414105043
"27",0.027,27,-0.0170439421346281
"28",0.028,28,0.0253484316164955
"29",0.029,29,0.0331587875424627
"30",0.03,30,-0.00415635344830349
"31",0.031,31,0.0834165300138666
"32",0.032,32,0.0599382974545002
"33",0.033,33,-0.00426553031242396
"34",0.034,34,0.00674955783724196
"35",0.035,35,0.0635238202992814
"36",0.036,36,0.0670353198246662
"37",0.037,37,-0.00559494670060286
"38",0.038,38,0.0599669224747382
"39",0.039,39,0.0977433951725989
"40",0.04,40,0.00242493854414481
"41",0.041,41,0.0611277021454175
"42",0.042,42,0.082404574627314
"43",0.043,43,0.120411360412559
"44",0.044,44,-0.0460098690073408
"45",0.045,45,0.129025306491431
"46",0.046,46,0.0550467369963475
"47",0.047,47,0.109425564909711
"48",0.048,48,0.00648508248253542
"49",0.049,49,0.0264497193986394
"50",0.05,50,0.00741970976697633
"51",0.051,51,0.0177938002989014
"52",0.052,52,-0.00130354553971321
"53",0.053,53,0.0579374872235028
"54",0.054,54,0.102690745770396
"55",0.055,55,0.0934971563085344
"56",0.056,56,0.0971042197713148
"57",0.057,57,0.102116149985357
"58",0.058,58,0.0274887071523479
"59",0.059,59,0.096839197049334
"60",0.06,60,0.0200076339202365
"61",0.061,61,0.0353385677964588
"62",0.062,62,0.0441459041033482
"63",0.063,63,0.0932102017673594
"64",0.064,64,0.108059798241851
"65",0.065,65,0.164547312412545
"66",0.066,66,0.0804833322257064
"67",0.067,67,0.0397812087172935
"68",0.068,68,-0.00531119517762972
"69",0.069,69,0.0909256415861109
"70",0.07,70,0.17190798061063
"71",0.071,71,-0.0149926635194401
"72",0.072,72,0.0938906287362087
"73",0.073,73,0.190915765839325
"74",0.074,74,0.0384479784188261
"75",0.075,75,0.0557247330977703
"76",0.076,76,0.111680127861346
"77",0.077,77,0.0887991574860182
"78",0.078,78,0.086751303770562
"79",0.079,79,0.152972598969202
"80",0.08,80,0.108727690910362
"81",0.081,81,0.0843454313811244
"82",0.082,82,0.0870638372840655
"83",0.083,83,0.129472676187095
"84",0.084,84,-0.00664611360343495
"85",0.085,85,0.0802272435297527
"86",0.086,86,0.0938752621925902
"87",0.087,87,0.149865998427953
"88",0.088,88,0.135819829829472
"89",0.089,89,0.0458170586946568
"90",0.09,90,0.0395754703830022
"91",0.091,91,0.0909226569176207
"92",0.092,92,0.0522124780742454
"93",0.093,93,0.0798658684157868
"94",0.094,94,0.0741053956231751
"95",0.095,95,0.0721244999428177
"96",0.096,96,0.152057345971234
"97",0.097,97,0.196964718182794
"98",0.098,98,0.13083658724943
"99",0.099,99,0.159462158715533
"100",0.1,100,0.0592488841321302
"101",0.101,101,0.171243144858337
"102",0.102,102,0.182213088742784
"103",0.103,103,0.0897346083618407
"104",0.104,104,0.0486700144819481
"105",0.105,105,0.0125646591742303
"106",0.106,106,0.105105629996329
"107",0.107,107,0.134189940571095
"108",0.108,108,0.0513411480574612
"109",0.109,109,0.124022747252869
"110",0.11,110,0.228157666067906
"111",0.111,111,0.105476886959148
"112",0.112,112,0.15099078444316
"113",0.113,113,0.105635455024339
"114",0.114,114,0.0778829143572468
"115",0.115,115,0.173518631434693
"116",0.116,116,0.0233180756172265
"117",0.117,117,0.106168280787879
"118",0.118,118,0.131544177347797
"119",0.119,119,0.188340174456525
"120",0.12,120,0.0732305939648854
"121",0.121,121,0.145142231457991
"122",0.122,122,0.076023082913184
"123",0.123,123,0.128073418849259
"124",0.124,124,0.0773654412313222
"125",0.125,125,0.0658142497231278
"126",0.126,126,0.161708011746282
"127",0.127,127,0.083673162071068
"128",0.128,128,0.0665004789021284
"129",0.129,129,0.134228304829111
"130",0.13,130,0.0849324152969558
"131",0.131,131,0.0928032276528231
"132",0.132,132,0.168468003314083
"133",0.133,133,0.11575650225537
"134",0.134,134,0.164104914228931
"135",0.135,135,0.087055439032344
"136",0.136,136,0.0785912405985278
"137",0.137,137,0.0834371750304141
"138",0.138,138,0.0734118506427394
"139",0.139,139,0.156081017156806
"140",0.14,140,0.126084735924598
"141",0.141,141,0.0410669121364341
"142",0.142,142,0.188087948650644
"143",0.143,143,0.192216260507729
"144",0.144,144,0.0623035153525454
"145",0.145,145,0.107790081168804
"146",0.146,146,0.0796461058292348
"147",0.147,147,0.149496308290102
"148",0.148,148,0.112560438194213
"149",0.149,149,0.105739122304482
"150",0.15,150,0.144076579330906
"151",0.151,151,0.159356132435118
"152",0.152,152,0.14739009653267
"153",0.153,153,0.124851729410425
"154",0.154,154,0.186134791205805
"155",0.155,155,0.224742587378002
"156",0.156,156,0.0980512335254602
"157",0.157,157,0.134051810227378
"158",0.158,158,0.0726850181183474
"159",0.159,159,0.155299564847043
"160",0.16,160,0.199581054532352
"161",0.161,161,0.199053970524873
"162",0.162,162,0.204169058774313
"163",0.163,163,0.157548069550195
"164",0.164,164,0.198649107330722
"165",0.165,165,0.159097574584567
"166",0.166,166,0.263538987786079
"167",0.167,167,0.188268261085228
"168",0.168,168,0.180543179119901
"169",0.169,169,0.15632433035129
"170",0.17,170,0.16094222272445
"171",0.171,171,0.142063479130789
"172",0.172,172,0.213888146399268
"173",0.173,173,0.299617560805123
"174",0.174,174,0.179521165637584
"175",0.175,175,0.193330363556233
"176",0.176,176,0.243751881941285
"177",0.177,177,0.274801929188697
"178",0.178,178,0.181861899258237
"179",0.179,179,0.210238113363405
"180",0.18,180,0.258033677080101
"181",0.181,181,0.1780976574561
"182",0.182,182,0.183921025253728
"183",0.183,183,0.272634820248131
"184",0.184,184,0.127820575518062
"185",0.185,185,0.270021031552125
"186",0.186,186,0.218296946551244
"187",0.187,187,0.203897573638986
"188",0.188,188,0.214574813715752
"189",0.189,189,0.176138161991991
"190",0.19,190,0.174922834879498
"191",0.191,191,0.133985055957851
"192",0.192,192,0.0730611787486871
"193",0.193,193,0.184080947892671
"194",0.194,194,0.160088324609526
"195",0.195,195,0.22086126255944
"196",0.196,196,0.251143979028584
"197",0.197,197,0.171220835878725
"198",0.198,198,0.13168410996416
"199",0.199,199,0.197182296626619
"200",0.2,200,0.28287614630254
"201",0.201,201,0.172324387388007
"202",0.202,202,0.109871675397871
"203",0.203,203,0.23577227062351
"204",0.204,204,0.154707318069307
"205",0.205,205,0.123407665220492
"206",0.206,206,0.140163312118431
"207",0.207,207,0.314432009981435
"208",0.208,208,0.220487593428983
"209",0.209,209,0.198424051904234
"210",0.21,210,0.217878735783224
"211",0.211,211,0.249069277988842
"212",0.212,212,0.186602340846191
"213",0.213,213,0.26600578221664
"214",0.214,214,0.257557444990835
"215",0.215,215,0.200091861655853
"216",0.216,216,0.182103776889205
"217",0.217,217,0.197487468704279
"218",0.218,218,0.195589731243527
"219",0.219,219,0.289212517378304
"220",0.22,220,0.265493917531226
"221",0.221,221,0.196042143394961
"222",0.222,222,0.240473648352929
"223",0.223,223,0.201183964451962
"224",0.224,224,0.220352372774572
"225",0.225,225,0.22239251871391
"226",0.226,226,0.236779279476468
"227",0.227,227,0.235420048906841
"228",0.228,228,0.252652967068949
"229",0.229,229,0.277616964368335
"230",0.23,230,0.239970951443019
"231",0.231,231,0.220327162073841
"232",0.232,232,0.189272799988339
"233",0.233,233,0.318747421095165
"234",0.234,234,0.306505947020555
"235",0.235,235,0.113086054656503
"236",0.236,236,0.282160155126941
"237",0.237,237,0.279697138823769
"238",0.238,238,0.28622088844584
"239",0.239,239,0.265785243525343
"240",0.24,240,0.324230891720133
"241",0.241,241,0.289895165959753
"242",0.242,242,0.206200337395168
"243",0.243,243,0.181623883470513
"244",0.244,244,0.213382800880459
"245",0.245,245,0.235291391967973
"246",0.246,246,0.307678182177063
"247",0.247,247,0.277948764492147
"248",0.248,248,0.278565735119712
"249",0.249,249,0.28950214158904
"250",0.25,250,0.243661803716614
"251",0.251,251,0.337404431833852
"252",0.252,252,0.254375964429559
"253",0.253,253,0.261075160613788
"254",0.254,254,0.241829502878717
"255",0.255,255,0.273682990688555
"256",0.256,256,0.243899670350139
"257",0.257,257,0.302592226631451
"258",0.258,258,0.23688659816377
"259",0.259,259,0.32326965905349
"260",0.26,260,0.292139030563107
"261",0.261,261,0.261806961690651
"262",0.262,262,0.318910095748964
"263",0.263,263,0.289811515289196
"264",0.264,264,0.231755124904553
"265",0.265,265,0.342575542151585
"266",0.266,266,0.358529903871231
"267",0.267,267,0.253160497155078
"268",0.268,268,0.299274736538148
"269",0.269,269,0.182749990517921
"270",0.27,270,0.242872953801918
"271",0.271,271,0.218346691212821
"272",0.272,272,0.348763406514459
"273",0.273,273,0.235636078791658
"274",0.274,274,0.30673938396089
"275",0.275,275,0.273553675177554
"276",0.276,276,0.376863217239317
"277",0.277,277,0.248421414018552
"278",0.278,278,0.237212499555409
"279",0.279,279,0.260300879816982
"280",0.28,280,0.345792053329303
"281",0.281,281,0.248712262958576
"282",0.282,282,0.232066293600019
"283",0.283,283,0.33882513428415
"284",0.284,284,0.324737440622472
"285",0.285,285,0.257589398185884
"286",0.286,286,0.235793716690753
"287",0.287,287,0.299096299344551
"288",0.288,288,0.300429395350658
"289",0.289,289,0.244486484294806
"290",0.29,290,0.23205523350768
"291",0.291,291,0.333716551440321
"292",0.292,292,0.355152463361979
"293",0.293,293,0.227047533215406
"294",0.294,294,0.27300209715775
"295",0.295,295,0.258099999527929
"296",0.296,296,0.248491927255807
"297",0.297,297,0.238079124639852
"298",0.298,298,0.243917627368472
"299",0.299,299,0.230219526512548
"300",0.3,300,0.418416764167042
"301",0.301,301,0.271430970563637
"302",0.302,302,0.271874890404794
"303",0.303,303,0.256229778765858
"304",0.304,304,0.307790505721559
"305",0.305,305,0.21318798533583
"306",0.306,306,0.284313884493489
"307",0.307,307,0.197878667215973
"308",0.308,308,0.273197146141608
"309",0.309,309,0.308210282392321
"310",0.31,310,0.297089365070074
"311",0.311,311,0.364715196494569
"312",0.312,312,0.383345715947537
"313",0.313,313,0.260206365087778
"314",0.314,314,0.342160041124705
"315",0.315,315,0.343522012876197
"316",0.316,316,0.318413412950621
"317",0.317,317,0.290675806023681
"318",0.318,318,0.237346013556347
"319",0.319,319,0.333183761605137
"320",0.32,320,0.43582147589111
"321",0.321,321,0.295058814145051
"322",0.322,322,0.258301367178082
"323",0.323,323,0.328075078548597
"324",0.324,324,0.337114021794428
"325",0.325,325,0.33024203265389
"326",0.326,326,0.284892183261096
"327",0.327,327,0.330690545187143
"328",0.328,328,0.38385153484216
"329",0.329,329,0.449110974093206
"330",0.33,330,0.34678031440057
"331",0.331,331,0.279512109818456
"332",0.332,332,0.261193889867247
"333",0.333,333,0.38564106076923
"334",0.334,334,0.335744605758155
"335",0.335,335,0.323766791760146
"336",0.336,336,0.327028155378066
"337",0.337,337,0.359753181344392
"338",0.338,338,0.358654032868606
"339",0.339,339,0.242098363982088
"340",0.34,340,0.33049509672464
"341",0.341,341,0.3986589616978
"342",0.342,342,0.307804053347585
"343",0.343,343,0.310799161000575
"344",0.344,344,0.277734355959175
"345",0.345,345,0.308393879717546
"346",0.346,346,0.297599222319652
"347",0.347,347,0.454461878232365
"348",0.348,348,0.354904808494959
"349",0.349,349,0.430496981321582
"350",0.35,350,0.448597301584914
"351",0.351,351,0.369043264668983
"352",0.352,352,0.32413627083639
"353",0.353,353,0.337806772166051
"354",0.354,354,0.31665956278832
"355",0.355,355,0.351879967960979
"356",0.356,356,0.418191940740527
"357",0.357,357,0.335525176937514
"358",0.358,358,0.399596826268862
"359",0.359,359,0.352977646429562
"360",0.36,360,0.418965592610483
"361",0.361,361,0.385680798993332
"362",0.362,362,0.359556943361756
"363",0.363,363,0.237070999617072
"364",0.364,364,0.298113491093583
"365",0.365,365,0.372754553440628
"366",0.366,366,0.349082137215895
"367",0.367,367,0.354675443540849
"368",0.368,368,0.41868406848285
"369",0.369,369,0.321507382122755
"370",0.37,370,0.429299780369866
"371",0.371,371,0.362757716950689
"372",0.372,372,0.474888435636241
"373",0.373,373,0.353709885595786
"374",0.374,374,0.461971977765333
"375",0.375,375,0.392757688600189
"376",0.376,376,0.437151037745225
"377",0.377,377,0.405765206700187
"378",0.378,378,0.401212118027623
"379",0.379,379,0.385867319581663
"380",0.38,380,0.490023837343621
"381",0.381,381,0.338548393015594
"382",0.382,382,0.364831516517823
"383",0.383,383,0.420568772526899
"384",0.384,384,0.360519908539818
"385",0.385,385,0.435695570150588
"386",0.386,386,0.355369104818098
"387",0.387,387,0.419419918129553
"388",0.388,388,0.303006651233391
"389",0.389,389,0.392629041055238
"390",0.39,390,0.42248886778964
"391",0.391,391,0.426578340150272
"392",0.392,392,0.342327486257317
"393",0.393,393,0.475086345463286
"394",0.394,394,0.308000404471488
"395",0.395,395,0.336088280056828
"396",0.396,396,0.446010133527675
"397",0.397,397,0.436932073391254
"398",0.398,398,0.378838748001376
"399",0.399,399,0.392763864267837
"400",0.4,400,0.456076297803633
"401",0.401,401,0.407534034175846
"402",0.402,402,0.42177846507074
"403",0.403,403,0.323881656492981
"404",0.404,404,0.489865034987912
"405",0.405,405,0.426316053115801
"406",0.406,406,0.401220931094092
"407",0.407,407,0.424444674923988
"408",0.408,408,0.422138053991545
"409",0.409,409,0.470719867319783
"410",0.41,410,0.321012863132817
"411",0.411,411,0.341963433561681
"412",0.412,412,0.463686345843439
"413",0.413,413,0.456414036607956
"414",0.414,414,0.323476867982468
"415",0.415,415,0.330612692353098
"416",0.416,416,0.461897328302862
"417",0.417,417,0.370269585795968
"418",0.418,418,0.427636822084807
"419",0.419,419,0.506478443133245
"420",0.42,420,0.407370054406693
"421",0.421,421,0.377787467625792
"422",0.422,422,0.445205543258449
"423",0.423,423,0.408404066747569
"424",0.424,424,0.491364055183798
"425",0.425,425,0.472459491942203
"426",0.426,426,0.410800517304775
"427",0.427,427,0.37638799622492
"428",0.428,428,0.450584218179611
"429",0.429,429,0.399933991861369
"430",0.43,430,0.339751174038712
"431",0.431,431,0.416142948992655
"432",0.432,432,0.415934254994975
"433",0.433,433,0.317822687670405
"434",0.434,434,0.474169922895658
"435",0.435,435,0.324707871693832
"436",0.436,436,0.474849616209787
"437",0.437,437,0.33091343660169
"438",0.438,438,0.406178402751411
"439",0.439,439,0.406418325349687
"440",0.44,440,0.484913569176021
"441",0.441,441,0.337435076458876
"442",0.442,442,0.469871962323719
"443",0.443,443,0.449129472951997
"444",0.444,444,0.365060066349097
"445",0.445,445,0.400570643539228
"446",0.446,446,0.423861495997578
"447",0.447,447,0.500141091713737
"448",0.448,448,0.363749487145295
"449",0.449,449,0.41263422470611
"450",0.45,450,0.552878947797705
"451",0.451,451,0.476720147402874
"452",0.452,452,0.489606691505808
"453",0.453,453,0.454795568720619
"454",0.454,454,0.5329594214031
"455",0.455,455,0.424258738953862
"456",0.456,456,0.378328096862205
"457",0.457,457,0.500581939112092
"458",0.458,458,0.490810876992002
"459",0.459,459,0.561706607169597
"460",0.46,460,0.373132619944606
"461",0.461,461,0.499372600452189
"462",0.462,462,0.458483312767719
"463",0.463,463,0.375173777059316
"464",0.464,464,0.462722137334203
"465",0.465,465,0.524670022188645
"466",0.466,466,0.467577550615908
"467",0.467,467,0.449341073455032
"468",0.468,468,0.496683808581873
"469",0.469,469,0.407126454670765
"470",0.47,470,0.417290546526214
"471",0.471,471,0.505737217665152
"472",0.472,472,0.518267347092734
"473",0.473,473,0.467334801363063
"474",0.474,474,0.415524774797722
"475",0.475,475,0.530468745089809
"476",0.476,476,0.497317917273731
"477",0.477,477,0.498893375302751
"478",0.478,478,0.444550555165118
"479",0.479,479,0.471989408201205
"480",0.48,480,0.447684162731594
"481",0.481,481,0.508394234746442
"482",0.482,482,0.412918502960822
"483",0.483,483,0.392799307216098
"484",0.484,484,0.558460746926262
"485",0.485,485,0.463027018893234
"486",0.486,486,0.444326291976858
"487",0.487,487,0.551321625991012
"488",0.488,488,0.497139880298601
"489",0.489,489,0.490487400694785
"490",0.49,490,0.494295158105292
"491",0.491,491,0.514813491616337
"492",0.492,492,0.42770776358243
"493",0.493,493,0.42326396411049
"494",0.494,494,0.457674772519898
"495",0.495,495,0.52120028591045
"496",0.496,496,0.52973919788566
"497",0.497,497,0.426881961919617
"498",0.498,498,0.400868738695013
"499",0.499,499,0.546298202197985
"500",0.5,500,0.465098770411682
"501",0.501,501,0.584393794918703
"502",0.502,502,0.494850042181224
"503",0.503,503,0.529909019518738
"504",0.504,504,0.520095851076484
"505",0.505,505,0.461921012990306
"506",0.506,506,0.501009431812314
"507",0.507,507,0.516676077640887
"508",0.508,508,0.574503761214561
"509",0.509,509,0.45999643967838
"510",0.51,510,0.440764019232997
"511",0.511,511,0.479262182365182
"512",0.512,512,0.512719477803114
"513",0.513,513,0.493242050071586
"514",0.514,514,0.494110855790274
"515",0.515,515,0.562465015189619
"516",0.516,516,0.522220555857118
"517",0.517,517,0.525492440267178
"518",0.518,518,0.475436347756653
"519",0.519,519,0.516177525152478
"520",0.52,520,0.493301409751841
"521",0.521,521,0.543997746674552
"522",0.522,522,0.49717176581452
"523",0.523,523,0.547412932968742
"524",0.524,524,0.487853255314164
"525",0.525,525,0.475738076047971
"526",0.526,526,0.456247313929862
"527",0.527,527,0.511867883708336
"528",0.528,528,0.55545712822286
"529",0.529,529,0.537101290160191
"530",0.53,530,0.495162154733781
"531",0.531,531,0.604942152334396
"532",0.532,532,0.553884613134958
"533",0.533,533,0.510951852239387
"534",0.534,534,0.612388480116259
"535",0.535,535,0.514465155504263
"536",0.536,536,0.505789181334774
"537",0.537,537,0.556612055713471
"538",0.538,538,0.451186459713689
"539",0.539,539,0.494925720181409
"540",0.54,540,0.540595865790397
"541",0.541,541,0.551062710488284
"542",0.542,542,0.501838573120877
"543",0.543,543,0.609269214959519
"544",0.544,544,0.480891772945214
"545",0.545,545,0.494210305643345
"546",0.546,546,0.536805098657781
"547",0.547,547,0.460451632408797
"548",0.548,548,0.555574762953153
"549",0.549,549,0.486810818682966
"550",0.55,550,0.55519407654633
"551",0.551,551,0.51293698303106
"552",0.552,552,0.569966357197354
"553",0.553,553,0.520454260241157
"554",0.554,554,0.519454122404577
"555",0.555,555,0.538486147224802
"556",0.556,556,0.511783902881257
"557",0.557,557,0.519601819332723
"558",0.558,558,0.605200569574295
"559",0.559,559,0.565915503199911
"560",0.56,560,0.543064859952668
"561",0.561,561,0.480289474518163
"562",0.562,562,0.647216068927235
"563",0.563,563,0.520081560357433
"564",0.564,564,0.50887335193968
"565",0.565,565,0.567644870714055
"566",0.566,566,0.639379090498125
"567",0.567,567,0.545004561830975
"568",0.568,568,0.612774968515708
"569",0.569,569,0.54149404773762
"570",0.57,570,0.559819496666943
"571",0.571,571,0.541990641982414
"572",0.572,572,0.512429948479975
"573",0.573,573,0.630517587639274
"574",0.574,574,0.643667252272431
"575",0.575,575,0.545591109244294
"576",0.576,576,0.605746909053159
"577",0.577,577,0.556570020931259
"578",0.578,578,0.535376028420799
"579",0.579,579,0.547735712270637
"580",0.58,580,0.585998837338145
"581",0.581,581,0.593086013314044
"582",0.582,582,0.549731993382473
"583",0.583,583,0.541956438350728
"584",0.584,584,0.625038327837161
"585",0.585,585,0.539908571250421
"586",0.586,586,0.611423016165815
"587",0.587,587,0.521048112982701
"588",0.588,588,0.545396471915054
"589",0.589,589,0.599948772811629
"590",0.59,590,0.644922001939655
"591",0.591,591,0.542821771315025
"592",0.592,592,0.642891863038203
"593",0.593,593,0.635855575612802
"594",0.594,594,0.606010466716971
"595",0.595,595,0.610774789544742
"596",0.596,596,0.650120564571885
"597",0.597,597,0.608931418471731
"598",0.598,598,0.674889187392205
"599",0.599,599,0.638354405762719
"600",0.6,600,0.607533992518333
"601",0.601,601,0.56359515483603
"602",0.602,602,0.604453091974171
"603",0.603,603,0.584893135207982
"604",0.604,604,0.653914238720084
"605",0.605,605,0.574108343284485
"606",0.606,606,0.583782716512764
"607",0.607,607,0.51706391556756
"608",0.608,608,0.647908388566348
"609",0.609,609,0.57762585378752
"610",0.61,610,0.684660039633311
"611",0.611,611,0.710247542346379
"612",0.612,612,0.647717155460059
"613",0.613,613,0.659137699343849
"614",0.614,614,0.60004998962319
"615",0.615,615,0.582632862058889
"616",0.616,616,0.665565357151636
"617",0.617,617,0.641160338381785
"618",0.618,618,0.662820093761509
"619",0.619,619,0.646833444803227
"620",0.62,620,0.593512651061126
"621",0.621,621,0.697499832346796
"622",0.622,622,0.645571928892972
"623",0.623,623,0.661361355464093
"624",0.624,624,0.64544434938287
"625",0.625,625,0.603395394326693
"626",0.626,626,0.637305547303264
"627",0.627,627,0.676673426545563
"628",0.628,628,0.657639060237854
"629",0.629,629,0.661506938169599
"630",0.63,630,0.681761393903572
"631",0.631,631,0.556451000622954
"632",0.632,632,0.671194214488509
"633",0.633,633,0.754337943175579
"634",0.634,634,0.673541932674404
"635",0.635,635,0.681503982380577
"636",0.636,636,0.692591955933496
"637",0.637,637,0.601241289622869
"638",0.638,638,0.652901570365019
"639",0.639,639,0.615537389421246
"640",0.64,640,0.685440623072724
"641",0.641,641,0.668966807493811
"642",0.642,642,0.634708765593596
"643",0.643,643,0.676699692776581
"644",0.644,644,0.666866910899903
"645",0.645,645,0.658470099240937
"646",0.646,646,0.686981446189604
"647",0.647,647,0.690984737916286
"648",0.648,648,0.566013631665862
"649",0.649,649,0.526868868898701
"650",0.65,650,0.661300943653291
"651",0.651,651,0.623268121190106
"652",0.652,652,0.620997630627763
"653",0.653,653,0.655504810057416
"654",0.654,654,0.663159347073302
"655",0.655,655,0.678900524345856
"656",0.656,656,0.639193093372925
"657",0.657,657,0.6229391264767
"658",0.658,658,0.722102792888203
"659",0.659,659,0.635026973429985
"660",0.66,660,0.58799855691223
"661",0.661,661,0.647082638535023
"662",0.662,662,0.722457563536514
"663",0.663,663,0.641921282104006
"664",0.664,664,0.674673112880847
"665",0.665,665,0.615686194627236
"666",0.666,666,0.762272282874576
"667",0.667,667,0.592818911570166
"668",0.668,668,0.563160979054649
"669",0.669,669,0.686405462606841
"670",0.67,670,0.757724821820474
"671",0.671,671,0.707413216149757
"672",0.672,672,0.630709762374559
"673",0.673,673,0.816193116773959
"674",0.674,674,0.680084857180163
"675",0.675,675,0.718006134813316
"676",0.676,676,0.749515972611729
"677",0.677,677,0.564947388249579
"678",0.678,678,0.661082980068624
"679",0.679,679,0.771803833842289
"680",0.68,680,0.755494283660906
"681",0.681,681,0.648320446390684
"682",0.682,682,0.725738072359193
"683",0.683,683,0.626362337656499
"684",0.684,684,0.726252369809676
"685",0.685,685,0.741514583599388
"686",0.686,686,0.747923570690652
"687",0.687,687,0.652228019982993
"688",0.688,688,0.635672730228052
"689",0.689,689,0.698509022551465
"690",0.69,690,0.777525788008164
"691",0.691,691,0.663428155407136
"692",0.692,692,0.725538102655655
"693",0.693,693,0.691098550067348
"694",0.694,694,0.70613559319287
"695",0.695,695,0.657165014863825
"696",0.696,696,0.671989166440222
"697",0.697,697,0.732439385589738
"698",0.698,698,0.76475864070168
"699",0.699,699,0.669215970965901
"700",0.7,700,0.680299946370511
"701",0.701,701,0.680728787660124
"702",0.702,702,0.640998650617189
"703",0.703,703,0.693624094671157
"704",0.704,704,0.688214762112057
"705",0.705,705,0.693670470565657
"706",0.706,706,0.671911878989974
"707",0.707,707,0.685804416760224
"708",0.708,708,0.706678048080151
"709",0.709,709,0.682026133837371
"710",0.71,710,0.805317911230362
"711",0.711,711,0.672141324304908
"712",0.712,712,0.685684074309205
"713",0.713,713,0.715558843790754
"714",0.714,714,0.751853518844814
"715",0.715,715,0.669803316663258
"716",0.716,716,0.715216113689006
"717",0.717,717,0.71543689217971
"718",0.718,718,0.751173913105599
"719",0.719,719,0.730075584630539
"720",0.72,720,0.745667562816802
"721",0.721,721,0.784350130883497
"722",0.722,722,0.766204472430839
"723",0.723,723,0.746573675082981
"724",0.724,724,0.735196081978935
"725",0.725,725,0.706027518423774
"726",0.726,726,0.658353287599063
"727",0.727,727,0.709585233727413
"728",0.728,728,0.664603645947859
"729",0.729,729,0.748082575016807
"730",0.73,730,0.708991673400863
"731",0.731,731,0.750200544514539
"732",0.732,732,0.783795306987851
"733",0.733,733,0.750972691213489
"734",0.734,734,0.692022358685456
"735",0.735,735,0.705501941815462
"736",0.736,736,0.673069956090722
"737",0.737,737,0.801869881320991
"738",0.738,738,0.705462088317296
"739",0.739,739,0.760648708332512
"740",0.74,740,0.756063460276877
"741",0.741,741,0.682078946605334
"742",0.742,742,0.740230321945766
"743",0.743,743,0.82060568775024
"744",0.744,744,0.799208494809594
"745",0.745,745,0.716010385794839
"746",0.746,746,0.772113486260396
"747",0.747,747,0.75534036063881
"748",0.748,748,0.825201194106423
"749",0.749,749,0.746566432616725
"750",0.75,750,0.7876471933417
"751",0.751,751,0.711033991717686
"752",0.752,752,0.63918340124266
"753",0.753,753,0.75293674603163
"754",0.754,754,0.752678652622941
"755",0.755,755,0.820078984355429
"756",0.756,756,0.830442828042932
"757",0.757,757,0.775963690724845
"758",0.758,758,0.660092488685531
"759",0.759,759,0.772779144619663
"760",0.76,760,0.696382441067606
"761",0.761,761,0.792122946174061
"762",0.762,762,0.741099770831371
"763",0.763,763,0.696388801794743
"764",0.764,764,0.816749185731625
"765",0.765,765,0.80561447705776
"766",0.766,766,0.78829678115054
"767",0.767,767,0.75406109126286
"768",0.768,768,0.786703398961005
"769",0.769,769,0.743322923902633
"770",0.77,770,0.725514790626562
"771",0.771,771,0.826227395857587
"772",0.772,772,0.758787265596804
"773",0.773,773,0.759274475162909
"774",0.774,774,0.849785846328783
"775",0.775,775,0.749229371262554
"776",0.776,776,0.778646980927387
"777",0.777,777,0.767770721310441
"778",0.778,778,0.828122533841877
"779",0.779,779,0.794958678718647
"780",0.78,780,0.807665803736112
"781",0.781,781,0.770032767960971
"782",0.782,782,0.823009686009938
"783",0.783,783,0.740032821438556
"784",0.784,784,0.912092570029689
"785",0.785,785,0.73290644611545
"786",0.786,786,0.754088971363774
"787",0.787,787,0.774810646972018
"788",0.788,788,0.828656226491606
"789",0.789,789,0.72087174969933
"790",0.79,790,0.784943367598433
"791",0.791,791,0.700874463298893
"792",0.792,792,0.77381266238265
"793",0.793,793,0.842624533922622
"794",0.794,794,0.83400940020002
"795",0.795,795,0.796997838759207
"796",0.796,796,0.691813252409141
"797",0.797,797,0.713126513758418
"798",0.798,798,0.703004373913436
"799",0.799,799,0.834525266511892
"800",0.8,800,0.914161192044275
"801",0.801,801,0.743451401917728
"802",0.802,802,0.746574308094919
"803",0.803,803,0.718501614589049
"804",0.804,804,0.774939517177104
"805",0.805,805,0.717703875884467
"806",0.806,806,0.931904132101953
"807",0.807,807,0.85171626320025
"808",0.808,808,0.775715577930561
"809",0.809,809,0.795937948437308
"810",0.81,810,0.772956149228256
"811",0.811,811,0.84635707954828
"812",0.812,812,0.857139110402691
"813",0.813,813,0.769956021272804
"814",0.814,814,0.840197676893326
"815",0.815,815,0.656681921574004
"816",0.816,816,0.746997150545675
"817",0.817,817,0.833082243093182
"818",0.818,818,0.776736885399906
"819",0.819,819,0.783853278176514
"820",0.82,820,0.746096598677861
"821",0.821,821,0.84055216925856
"822",0.822,822,0.840576809447498
"823",0.823,823,0.899415772006057
"824",0.824,824,0.90184488846387
"825",0.825,825,0.788713303070793
"826",0.826,826,0.878997658474342
"827",0.827,827,0.82406786636516
"828",0.828,828,0.8061165201183
"829",0.829,829,0.855110778972834
"830",0.83,830,0.824013939860858
"831",0.831,831,0.817955704098332
"832",0.832,832,0.877382476234952
"833",0.833,833,0.805700476717057
"834",0.834,834,0.832027423338273
"835",0.835,835,0.87690697525516
"836",0.836,836,0.841699096833964
"837",0.837,837,0.894301439684323
"838",0.838,838,0.869460934515174
"839",0.839,839,0.821679783800999
"840",0.84,840,0.812665884103344
"841",0.841,841,0.723070688552903
"842",0.842,842,0.81845680550839
"843",0.843,843,0.812785609720666
"844",0.844,844,0.845920417878209
"845",0.845,845,0.838797225334679
"846",0.846,846,0.821186193586378
"847",0.847,847,0.875090363776664
"848",0.848,848,0.902217645276275
"849",0.849,849,0.799036521780642
"850",0.85,850,0.760362229103882
"851",0.851,851,0.77919921020812
"852",0.852,852,0.873246871927425
"853",0.853,853,0.884359474609271
"854",0.854,854,0.865045701669136
"855",0.855,855,0.805797761697957
"856",0.856,856,0.83275537551754
"857",0.857,857,0.881677532561677
"858",0.858,858,0.894958314379822
"859",0.859,859,0.839510358584753
"860",0.86,860,0.91500350798898
"861",0.861,861,0.930504143328163
"862",0.862,862,0.919077820395803
"863",0.863,863,0.862791822852654
"864",0.864,864,0.83567092015804
"865",0.865,865,0.83980774516256
"866",0.866,866,0.923105163716913
"867",0.867,867,0.971776213351293
"868",0.868,868,0.853331393299599
"869",0.869,869,1.01981750151042
"870",0.87,870,0.938516704708373
"871",0.871,871,0.856115596789068
"872",0.872,872,0.979158838072755
"873",0.873,873,0.833253885559125
"874",0.874,874,0.890680273025559
"875",0.875,875,0.885587440004563
"876",0.876,876,0.819163280921681
"877",0.877,877,0.870960141998814
"878",0.878,878,0.823376577064411
"879",0.879,879,0.831983780010111
"880",0.88,880,0.861027390160549
"881",0.881,881,0.824715533808425
"882",0.882,882,0.826153227775797
"883",0.883,883,0.9406595916641
"884",0.884,884,0.953197089977075
"885",0.885,885,0.923338359699259
"886",0.886,886,0.881480300145932
"887",0.887,887,0.920238046341607
"888",0.888,888,0.894529429108273
"889",0.889,889,0.853387362019531
"890",0.89,890,0.794286344717019
"891",0.891,891,0.87481948958113
"892",0.892,892,0.915742642370446
"893",0.893,893,0.952515838453107
"894",0.894,894,0.92548291673392
"895",0.895,895,0.892718394947941
"896",0.896,896,0.802543219180832
"897",0.897,897,0.958493913246208
"898",0.898,898,0.877967920697488
"899",0.899,899,0.997888784737242
"900",0.9,900,0.974136153361083
"901",0.901,901,0.882975681661413
"902",0.902,902,0.889476414557833
"903",0.903,903,0.817345199736229
"904",0.904,904,0.900104272660962
"905",0.905,905,0.983657145860597
"906",0.906,906,0.933172361400422
"907",0.907,907,0.841376215956144
"908",0.908,908,0.955223438813269
"909",0.909,909,0.871956747115094
"910",0.91,910,0.895892272729715
"911",0.911,911,0.910704884294654
"912",0.912,912,0.920826808563396
"913",0.913,913,0.918634307883985
"914",0.914,914,1.00699892752711
"915",0.915,915,0.893322242302737
"916",0.916,916,0.886926032427408
"917",0.917,917,0.870667354824385
"918",0.918,918,0.978730410493103
"919",0.919,919,0.982494302022599
"920",0.92,920,0.907471403941764
"921",0.921,921,0.897256389671896
"922",0.922,922,0.788657573332804
"923",0.923,923,0.998961986935115
"924",0.924,924,0.933311982892778
"925",0.925,925,0.940928125776415
"926",0.926,926,0.957801668703624
"927",0.927,927,0.87712227638741
"928",0.928,928,0.893674864856874
"929",0.929,929,0.905624439892766
"930",0.93,930,0.864368612419611
"931",0.931,931,0.937031566195336
"932",0.932,932,0.94225546162979
"933",0.933,933,0.854981530181824
"934",0.934,934,1.03012811819039
"935",0.935,935,0.870065586741521
"936",0.936,936,0.973083880936832
"937",0.937,937,0.890877622442196
"938",0.938,938,0.990673452216873
"939",0.939,939,0.989251341760312
"940",0.94,940,0.952561027951213
"941",0.941,941,0.931188594586209
"942",0.942,942,0.95175445578052
"943",0.943,943,0.921583592086444
"944",0.944,944,0.905212604935521
"945",0.945,945,0.871559219786373
"946",0.946,946,0.897246137728516
"947",0.947,947,1.0133757228421
"948",0.948,948,1.07264688054475
"949",0.949,949,0.923219702324173
"950",0.95,950,0.90474886378146
"951",0.951,951,0.932600559468536
"952",0.952,952,0.959843657700516
"953",0.953,953,1.00051185599557
"954",0.954,954,0.969674239038389
"955",0.955,955,0.913048819320469
"956",0.956,956,0.929397533376443
"957",0.957,957,0.963709602370566
"958",0.958,958,1.02242789870296
"959",0.959,959,1.04378801793704
"960",0.96,960,0.88021040696345
"961",0.961,961,1.04133934392387
"962",0.962,962,1.05508762471256
"963",0.963,963,0.947927934816687
"964",0.964,964,0.879859408223817
"965",0.965,965,1.00166311281932
"966",0.966,966,1.01310509275482
"967",0.967,967,0.978628287601949
"968",0.968,968,0.9682636533879
"969",0.969,969,1.00051010165661
"970",0.97,970,0.993222587246184
"971",0.971,971,1.00516934869646
"972",0.972,972,1.00417404301189
"973",0.973,973,0.887143496322908
"974",0.974,974,0.96383183353189
"975",0.975,975,1.01377382396893
"976",0.976,976,0.958099962176437
"977",0.977,977,0.885055638292515
"978",0.978,978,0.922059308187952
"979",0.979,979,0.992351935799591
"980",0.98,980,0.967146261875704
"981",0.981,981,0.906509346325699
"982",0.982,982,0.969185926349895
"983",0.983,983,0.903086888729865
"984",0.984,984,0.95890833387255
"985",0.985,985,0.935046292706292
"986",0.986,986,0.991474579027751
"987",0.987,987,1.00637632764025
"988",0.988,988,0.99793563111731
"989",0.989,989,0.988435632174796
"990",0.99,990,1.02702338014939
"991",0.991,991,1.07892324877839
"992",0.992,992,1.07253584785573
"993",0.993,993,1.01642884632301
"994",0.994,994,0.996581912278344
"995",0.995,995,0.983025180736842
"996",0.996,996,0.959955224327378
"997",0.997,997,1.02303090827862
"998",0.998,998,1.03149168157545
"999",0.999,999,0.931009041356663
"1000",1,1000,0.997542143132506
