area,price,beds,baths,zipcode,age,address,latitude,longitude,latest_saledate
1573,425000,3,2,78731,35,5706 Eagle Clfs,30.3537712097168,-97.7936248779297,2019-07-17
2068,399000,3,2,78731,33,6300 Sprucewood Cv,30.3588027954102,-97.7865982055664,2018-05-03
3427,1249000,3,4,78731,19,5500 N Scout Island Cir,30.3566455841064,-97.787239074707,2018-10-11
2160,649000,3,2,78731,56,5602 Blueridge Ct,30.3621921539307,-97.7860565185547,2019-04-08
2893,725000,4,3,78731,23,5902 Inter Council Cv,30.3541526794434,-97.7861404418945,2018-08-15
3602,1235000,4,4,78731,0,5704 Driftwood Dr,30.3627643585205,-97.7879867553711,2018-05-25
3360,949000,4,4,78731,62,6501 Brownwood Ct,30.3631553649902,-97.7870407104492,2019-07-17
2453,759000,3,2,78731,30,6502 Marblewood Dr,30.3633632659912,-97.7865142822266,2018-10-19
2329,799900,3,3,78731,35,5801 Tom Wooten Cv,30.3540668487549,-97.7866134643555,2019-06-21
2451,399900,4,3,78731,39,5718 Sam Houston Cir,30.3537998199463,-97.7892227172852,2019-10-31
2369,699000,3,2,78731,37,5900 Cartwright Cv,30.3558330535889,-97.7888946533203,2020-01-01
2169,600000,3,3,78731,35,5608 Courtyard Cv,30.3563117980957,-97.7901153564453,2018-12-13
2940,499000,4,2.5,78731,51,7406 W Rim Dr,30.3671951293945,-97.7687835693359,2019-05-28
2584,689000,5,4,78731,50,7606 W Rim Dr,30.369026184082,-97.7670135498047,2019-06-14
3670,749000,4,3,78731,45,3905 Petra Path,30.3653526306152,-97.7570571899414,2018-12-06
1837,550000,3,2,78731,49,4211 Burney Dr,30.3694076538086,-97.7645111083984,2020-05-12
2761,745000,4,3,78731,47,3804 Greystone Dr,30.3603229522705,-97.7563247680664,2018-04-27
3697,595000,4,4,78731,35,6215 Ledge Mountain Dr,30.3506622314453,-97.7750549316406,2020-09-23
2430,899900,4,3,78731,51,7220 Running Rope,30.3614768981934,-97.7618560791016,2020-12-15
3007,779000,4,3,78731,20,5208 S Scout Island Cir,30.3538227081299,-97.7856597900391,2019-10-09
1968,598000,3,2,78731,37,4908 Bob Cat Run,30.3639602661133,-97.7785949707031,2020-07-13
2356,795000,4,3,78731,53,4208 Deepwoods Dr,30.3656005859375,-97.7667846679688,2019-01-17
3358,935000,4,3,78731,50,7713 Mesa Dr,30.3672466278076,-97.7596206665039,2019-02-26
2625,735000,3,3,78731,29,6815 Cougar Run,30.3628082275391,-97.7775955200195,2020-07-09
2622,749999,4,3,78731,51,4209 Gnarl Dr,30.3638401031494,-97.7681503295898,2018-05-04
2898,1050000,4,4,78731,35,6305 Mountain Park Cv,30.3589038848877,-97.7851257324219,2018-08-03
3437,1050000,5,3,78731,43,5212 Valburn Cir,30.3735866546631,-97.7751235961914,2020-07-20
3044,950000,4,3,78731,52,4214 Woodway Dr,30.3651943206787,-97.7680511474609,2019-10-08
2293,650000,4,3,78731,54,4212 Woodway Dr,30.3651103973389,-97.7677993774414,2020-02-14
3098,804999,4,3,78731,35,6309 Gato Path,30.3584728240967,-97.7841262817383,2018-06-01
2362,644500,3,3,78731,35,6313 Gato Path,30.359016418457,-97.7840957641602,2019-02-01
2533,895000,4,4,78731,57,4013 Sierra Dr,30.353702545166,-97.7694854736328,2020-03-12
3346,675000,5,4,78731,20,5133 Valburn Ct,30.3764247894287,-97.7710571289062,2018-08-04
2676,774900,4,3,78731,35,5101 Backtrail Dr,30.3599338531494,-97.7830200195312,2018-03-29
2596,749000,4,3,78731,37,5300 Backtrail Dr,30.361385345459,-97.7839660644531,2021-01-04
3075,875000,4,3,78731,21,6401 Williams Ridge Way,30.3535137176514,-97.7768020629883,2018-12-11
1844,650000,4,2,78731,48,6602 Shadow Valley Dr,30.3524913787842,-97.7628479003906,2019-09-27
2447,745000,3,3,78731,36,6117 Mountain Villa Cv,30.351390838623,-97.7796936035156,2020-06-30
2886,770000,3,2,78731,56,6703 Mesa Dr,30.3557624816894,-97.7679443359375,2018-08-15
2869,1100000,4,3,78731,55,4006 Knollwood Dr,30.3551559448242,-97.7672271728516,2020-03-30
3425,879000,5,3,78731,53,4213 Deepwoods Dr,30.365478515625,-97.7678451538086,2020-08-01
3372,930000,3,3,78731,26,4076 Enclave Mesa Cir,30.3620491027832,-97.7643508911133,2020-09-17
2281,700000,4,2,78731,53,7108 Running Rope,30.3607177734375,-97.7651901245117,2020-02-12
2256,629000,4,3,78731,51,4211 Far West Blvd,30.3608245849609,-97.7696685791016,2019-04-25
2814,699000,5,3,78731,48,7704 Shadyrock Dr,30.3662128448486,-97.7601318359375,2019-06-21
3068,937000,4,4,78731,53,4215 Far West Blvd,30.3608436584473,-97.7702560424805,2019-07-03
2688,760000,3,3,78731,43,7512 Stepdown Cv,30.3698749542236,-97.77001953125,2019-02-11
2477,699999,4,3,78731,50,4100 Tablerock Dr,30.3664245605469,-97.7613830566406,2018-04-30
3459,365000,5,5,78731,5,7200 Waterline Rd,30.3620738983154,-97.7676849365234,2019-07-31
2834,789000,5,3,78731,55,3923 Sierra Dr,30.3528995513916,-97.7662353515625,2019-08-06
3263,749000,5,4,78731,52,4203 Gnarl Dr,30.3634662628174,-97.7675094604492,2018-05-30
2781,838500,5,3,78731,53,4116 Honeycomb Rock Cir,30.3633880615234,-97.7650451660156,2018-11-15
3840,1080000,4,4,78731,37,4802 Twin Valley Dr,30.3508262634277,-97.7819595336914,2020-10-15
2874,895000,5,3,78731,48,4303 Tallowood Dr,30.3684749603271,-97.7663726806641,2020-04-29
2214,629000,4,2,78731,49,4103 Greystone Dr,30.3647918701172,-97.764045715332,2018-06-06
2300,529000,4,3,78731,51,4102 Deepwoods Dr,30.3645401000977,-97.7643127441406,2018-03-16
2889,1000000,5,4,78731,55,4107 Honeycomb Rock Cir,30.3628711700439,-97.7659530639648,2020-04-30
2024,530000,3,2,78731,41,6308 Mountainclimb Dr,30.3504085540771,-97.764030456543,2020-07-14
1862,649900,3,2,78731,24,3920 Myrick Dr,30.3664531707764,-97.7566070556641,2020-10-09
3953,1195000,4,3,78731,11,7300 Waterline Rd,30.3637409210205,-97.7670288085938,2018-04-07
2930,850000,3,5,78731,57,3925 Sierra Dr,30.3531112670898,-97.7665100097656,2019-03-13
3060,1350000,4,4,78731,6,6813 Valburn Dr,30.3702716827392,-97.7817840576172,2019-03-15
2600,949990,4,3,78731,49,6404 Sumac Dr,30.3510646820068,-97.7630310058594,2019-03-29
2388,799000,3,3,78731,40,6109 Mountain Villa Dr,30.350507736206,-97.7780914306641,2018-12-07
2540,749000,4,3,78731,44,7620 Rockpoint Dr,30.3637790679932,-97.7583618164062,2018-06-01
2815,650000,4,3,78731,42,5004 Arax Cv,30.371187210083,-97.7745208740234,2019-04-30
2989,1100000,5,3,78731,2,4403 Greystone Dr,30.3673210144043,-97.769645690918,2019-08-02
1926,730000,3,3,78731,22,7900 Comfort Cv,30.3672828674316,-97.7569122314453,2020-03-12
3088,964000,4,4,78731,48,4402 Deepwoods Dr,30.3668994903564,-97.7698287963867,2019-08-16
2576,720000,4,2,78731,46,3707 Hidden Holw,30.3614349365234,-97.7536849975586,2019-04-02
2670,789000,4,3,78731,43,3710 Hidden Holw,30.3621292114258,-97.7538223266602,2020-08-31
2775,750000,3,3,78731,42,3706 Hidden Holw,30.3618774414062,-97.7533187866211,2018-05-30
2702,799500,3,2.5,78731,46,7505 Hart Ln,30.3595275878906,-97.7531967163086,2019-07-18
2808,750000,4,3,78731,40,3701 Green Trl N,30.3630065917969,-97.7522964477539,2019-08-09
2498,699900,3,2,78731,41,7801 Lindenwood Cir,30.3632373809814,-97.7517013549805,2019-08-20
2710,799000,4,3,78723,11,2008 Antone St,30.2916221618652,-97.7044830322266,2019-06-12
2122,715000,3,3,78723,12,3916 Hermalinda St,30.2913589477539,-97.7012252807617,2020-07-29
2809,798900,4,3,78723,8,2708 Tom Miller St,30.2901401519775,-97.701286315918,2018-07-30
1696,639900,3,3,78723,3,2104 E M Franklin Ave #B,30.2861995697021,-97.6973648071289,2020-01-17
2296,860000,4,3,78723,5,1916 E M Franklin Ave UNIT C,30.2847118377686,-97.6969375610352,2019-07-31
1796,600000,3,3,78723,11,4020 Berkman Dr,30.2923221588135,-97.6999206542969,2020-07-29
1720,600000,3,3,78723,11,4029 Threadgill St,30.2925434112549,-97.7004241943359,2019-03-25
2001,587000,3,3,78723,10,2108 Emma Long St,30.2923812866211,-97.7016372680664,2018-11-07
2023,665000,3,3,78723,5,2409 Moreno St,30.2934379577637,-97.6986770629883,2020-04-30
2196,689000,3,3,78723,10,2124 Mccloskey St,30.2930698394775,-97.7016677856445,2019-05-29
2221,659000,3,3,78723,11,1916 Mccloskey St,30.2929553985596,-97.7061538696289,2018-05-05
840,399500,3,1,78721,59,1402 Greenwood Ave,30.2796230316162,-97.6967391967773,2020-09-20
2034,729900,3,3,78723,5,2805 Sorin St,30.292781829834,-97.6956100463867,2020-07-09
1776,600000,3,1,78723,47,3406 Cambridge Ct,30.2844657897949,-97.6993789672852,2020-09-23
2072,270000,3,2,78721,79,3505 E 17th St,30.2809219360352,-97.6958923339844,2019-10-31
1872,285000,4,2,78721,51,1407 Greenwood Ave,30.2800216674805,-97.6962127685547,2019-04-22
1380,274990,3,3,78721,0,3405 Pennsylvania Ave,30.2751502990723,-97.6965789794922,2019-09-16
1658,299000,3,2,78721,80,1185 Greenwood Ave,30.2759494781494,-97.6967849731445,2020-10-30
916,499000,3,2,78721,82,1145 3/4 Gunter St,30.2723560333252,-97.6951065063477,2020-02-18
1772,157000,3,2,78721,56,1804 Wildrose Dr,30.2841625213623,-97.6886520385742,2018-10-18
1040,310000,3,1,78721,61,4704 Santa Anna St,30.2753601074219,-97.6874542236328,2019-09-23
1600,140000,5,2,78721,17,1623 J J Seabrook Dr,30.2824306488037,-97.6900939941406,2020-07-31
1305,380000,3,2,78721,53,4404 Stone Gate Cir,30.2839260101318,-97.6752166748047,2018-11-30
1560,300000,3,2,78721,63,4702 Ribbecke Ave,30.280252456665,-97.6840515136719,2018-09-07
1904,270000,5,3,78721,15,1612 Webberville Rd,30.2807846069336,-97.679557800293,2018-07-07
1202,269000,3,2,78721,59,1156 Nickols Ave,30.2768363952637,-97.6849822998047,2018-07-27
1375,350000,3,2,78721,54,5115 Stone Gate Dr,30.2835941314697,-97.6762313842773,2018-06-28
1330,414900,3,3,78721,4,1700 Perez St #B,30.2824478149414,-97.6928558349609,2020-07-06
1800,429999,3,3,78721,1,1131 Map St,30.272518157959,-97.6901168823242,2018-05-25
1366,449900,4,2,78721,15,4806 Mendoza Dr,30.2735481262207,-97.6875991821289,2020-08-21
1176,305000,3,2,78721,47,1319 Delano St,30.2768287658691,-97.6790008544922,2019-04-09
748,199900,3,1,78721,56,1146 Richardine Ave,30.2711982727051,-97.6859359741211,2019-11-15
1238,235000,3,2,78721,68,5006 Heflin Ln,30.2844104766846,-97.6788558959961,2018-04-14
1732,582000,3,3,78721,3,5007 Rob Scott St,30.2811050415039,-97.6800765991211,2020-07-24
1336,315000,3,2,78721,17,5306 Downs Dr,30.2798461914062,-97.6775054931641,2019-05-31
2272,539999,4,3,78721,0,5210 Rob Scott St,30.2826271057129,-97.6789474487305,2018-11-22
3126,1000000,5,5,78721,48,1600 Perez St,30.2817802429199,-97.6927108764648,2020-12-23
1694,539900,3,3,78721,11,1127 Nickols Ave,30.2745685577392,-97.6858367919922,2018-08-21
1325,399000,3,2,78723,20,4806 Walden Cir,30.2902984619141,-97.6779937744141,2019-09-03
1548,400000,3,2,78723,21,4808 Walden Cir,30.2904624938965,-97.678108215332,2020-03-18
1646,429900,4,3,78721,63,4700 Tanney St,30.2726745605469,-97.6891174316406,2020-04-07
840,285000,3,1,78721,53,1405 Marcus Pl,30.2812213897705,-97.6867065429688,2018-09-21
864,79000,3,1,78721,58,4805 Filey Cv,30.281623840332,-97.6812896728516,2019-07-29
1589,497990,3,3,78721,0,1920 Bunche Rd,30.2810611724854,-97.6749038696289,2020-04-08
891,333900,3,1,78721,47,1717 Adina St,30.281904220581,-97.6799545288086,2018-12-21
1604,479000,4,3,78721,57,4101 Monticello Cir,30.2834091186523,-97.6890487670898,2020-09-10
864,350000,3,1,78721,66,4804 Tanney St,30.272159576416,-97.6880340576172,2020-07-10
1894,749000,4,3,78721,38,5203 Ledesma Rd,30.2716598510742,-97.6854019165039,2021-01-15
1145,270000,3,2,78721,62,3605 Grant St,30.2768154144287,-97.6936874389648,2020-04-17
1325,295000,3,2,78723,48,4906 Broadhill Dr,30.2907867431641,-97.6740798950195,2019-04-03
840,349900,3,1,78721,61,5203 Samuel Huston Ave,30.2813606262207,-97.6775360107422,2020-09-08
997,350000,3,2,78721,58,5506 Samuel Huston Ave,30.2800750732422,-97.6748504638672,2018-10-13
1344,375000,3,2,78723,47,4608 Broadhill Dr,30.2874240875244,-97.6761322021484,2018-11-30
1183,350000,3,1,78721,58,4611 Oak Cliff Dr,30.2840938568115,-97.6825714111328,2019-11-25
2206,299900,3,2,78721,56,1103 Saucedo St,30.2656421661377,-97.690055847168,2018-05-18
1374,419000,3,2,78721,11,1151 Nickols Ave,30.276330947876,-97.6847839355469,2019-06-04
1392,399900,3,2,78723,48,4710 Broadhill Dr,30.2884483337402,-97.6755142211914,2019-02-28
832,335000,3,1,78721,80,4606 Alf Ave,30.2687377929688,-97.6926651000977,2020-01-14
1025,390000,3,2,78721,70,4810 Alf Ave,30.2677669525146,-97.6906661987305,2020-02-07
2537,799000,3,3,78721,0,1004 Lott Ave,30.2679233551025,-97.6838226318359,2020-12-14
1860,515000,3,3,78721,0,1822 Adina St,30.2839431762695,-97.6793212890625,2019-07-22
1190,345000,3,1,78721,90,1129 Berger St,30.270580291748,-97.6871566772461,2020-02-21
1247,335000,3,2,78723,40,4713 Bundyhill Dr,30.2894515991211,-97.6763000488281,2019-04-19
919,200000,3,1,78721,66,1120 Terry Dr,30.2684726715088,-97.6801528930664,2018-03-14
2292,599900,3,3,78721,3,5302 Delores Ave,30.2737045288086,-97.6819076538086,2020-09-23
1064,215000,3,2,78721,50,4204 Glomar Ave,30.2816925048828,-97.6885528564453,2018-06-01
2525,799000,3,3,78721,0,1162 Lott Ave,30.2748889923096,-97.682861328125,2020-11-05
1778,574000,3,3,78721,2,5009 Rob Scott St,30.2810573577881,-97.6799621582031,2020-11-23
2496,599000,4,3,78723,65,4609 Rimrock Trl,30.2907810211182,-97.6829833984375,2018-09-06
1378,449990,4,2,78721,15,1217 Eleanor St,30.2750473022461,-97.6793670654297,2019-03-25
1816,575000,3,3,78721,7,1313 Luna St,30.2803401947021,-97.6908569335938,2020-10-21
1144,349000,3,1,78721,43,1144 Brookswood Ave,30.266939163208,-97.6886291503906,2020-08-19
1861,488000,3,3,78723,64,3405 Pecan Springs Rd,30.2905178070068,-97.6814956665039,2018-07-14
1664,399900,3,2,78723,48,4915 Broadhill Dr,30.2911548614502,-97.673210144043,2019-01-19
1557,300000,3,2,78723,52,4904 Oldfort Hill Dr,30.2901611328125,-97.6733474731445,2020-04-24
1580,419900,3,2,78721,57,4709 Bandera Rd,30.2830200195312,-97.6821746826172,2018-07-23
1213,275000,3,2,78723,11,5320 Tower Trl,30.2917728424072,-97.6693649291992,2018-07-07
1417,129500,3,2,78721,19,1206 Eleanor St,30.2745227813721,-97.6797485351562,2020-02-18
2081,529000,3,3,78721,0,1708 Overhill Dr #B,30.2845020294189,-97.6847229003906,2020-07-28
1375,375000,4,2,78723,53,5312 Northdale Dr,30.2901954650879,-97.6713562011719,2019-06-11
1826,260000,3,2,78721,56,1701 Springdale Rd,30.2834663391113,-97.683967590332,2018-01-25
1083,525000,3,2,78721,70,4811 Alf Ave,30.2672958374023,-97.6910705566406,2020-01-30
1430,334900,3,2,78723,54,4906 Eastdale Dr,30.2883338928223,-97.6696166992188,2018-09-24
2127,425000,4,3,78721,19,1011 Lott Ave,30.2682933807373,-97.6829986572266,2019-05-31
1025,315000,3,1,78721,75,1112 Eleanor St,30.2714157104492,-97.6804275512695,2020-12-30
1974,525000,4,4,78721,40,4607 Sara Dr,30.2714157104492,-97.6907730102539,2020-06-29
1550,399500,3,2,78723,15,4613 Cedar Point Dr,30.2918643951416,-97.6852722167969,2019-10-28
1736,200000,4,2,78721,1,4803 Sara Dr,30.2703666687012,-97.6898651123047,2020-05-28
1476,265000,4,1,78721,59,1602 Springdale Rd,30.2831344604492,-97.6847763061523,2019-05-31
1160,236000,3,3,78721,46,5508 Ledesma Rd,30.2695064544678,-97.6804351806641,2019-04-11
1092,298000,3,2,78721,18,1807 Elmira Rd,30.285249710083,-97.685173034668,2020-12-11
1873,499950,4,3,78721,62,1800 Elmira Rd,30.284704208374,-97.6858062744141,2019-06-03
1280,385000,3,2,78721,15,1155 Ebert Ave,30.271406173706,-97.6863250732422,2018-05-17
2254,535000,4,3,78721,48,1605 Astor Pl,30.2829818725586,-97.6880187988281,2018-06-13
864,290000,3,1,78721,53,4502 Glomar Ave,30.2820301055908,-97.6864700317383,2019-02-12
1900,499000,4,3,78721,0,5000 Baker St,30.283260345459,-97.6792221069336,2018-10-05
1764,509000,3,2,78723,52,4516 Rimrock Trl,30.2895221710205,-97.6846008300781,2018-03-02
1512,229990,3,2,78721,11,1147 Nickols Ave,30.2760639190674,-97.6848297119141,2018-05-04
1260,449000,3,3,78721,60,5205 Downs Dr,30.2806148529053,-97.6783065795898,2020-12-18
1080,295000,3,2,78721,51,1120 Gardner Rd,30.2614517211914,-97.6806640625,2020-11-23
1198,345000,3,1.5,78721,48,1050 Gardner Rd,30.2588691711426,-97.6828231811523,2020-01-24
1420,350000,3,2,78721,13,1101 Emmitt Run,30.2577018737793,-97.6861724853516,2019-11-19
1266,354900,3,3,78721,44,5500 Stuart Ct,30.2617721557617,-97.686408996582,2018-07-27
1791,479990,3,3,78721,0,1145 Shady Ln BLDG 5,30.2630805969238,-97.6905899047852,2018-04-21
1867,395000,3,3,78721,13,5601 Steven Creek Way,30.2580375671387,-97.6868896484375,2019-06-24
1781,375000,3,3,78721,12,5606 Steven Creek Way,30.2585487365723,-97.687141418457,2018-02-08
1100,305000,3,2,78721,36,6102 Calmar Cv,30.2565460205078,-97.6834487915039,2020-06-04
1209,334999,3,2,78721,45,1109 Thurgood Cir,30.2616157531738,-97.6760635375977,2020-06-05
1183,289999,4,1,78721,39,1104 Mahan Dr,30.2624664306641,-97.6856918334961,2018-06-15
2012,695000,3,3,78723,11,4220 Threadgill St,30.2951526641846,-97.7014236450195,2019-11-01
1918,699000,3,3,78723,6,4616 Ruiz St,30.2991409301758,-97.7022476196289,2020-12-18
2221,542995,3,3,78723,64,1419 Larkwood Dr,30.3121738433838,-97.6983337402344,2018-12-17
1544,599900,3,3,78723,12,4444 Camacho St,30.295862197876,-97.7011032104492,2020-06-08
2106,725000,4,2.5,78723,7,2109 Mc Bee St,30.2972965240479,-97.7010955810547,2020-11-10
1209,500000,3,2,78723,65,1405 Berkshire Dr,30.317060470581,-97.6972198486328,2020-11-10
1354,350000,3,2,78723,65,1402 Larkwood Dr,30.313304901123,-97.6996688842773,2019-01-11
1482,364000,3,2,78723,62,1406 Briarcliff Blvd,30.316614151001,-97.6970977783203,2019-04-12
2669,815000,4,3,78723,11,1900 Tom Miller St,30.2939796447754,-97.7068939208984,2018-11-30
1106,319500,3,1,78723,64,1304 Hillcrest Dr,30.3185615539551,-97.6973495483398,2019-02-15
1464,375000,3,2,78723,65,1400 Hillcrest Dr,30.3183059692383,-97.6968078613281,2020-05-22
1402,359400,3,2,78723,63,1409 Glencrest Dr,30.3182334899902,-97.6957550048828,2019-05-08
1326,360000,3,2,78723,60,1200 Northridge Dr,30.3158512115479,-97.7010803222656,2019-09-20
2138,480000,4,3,78723,63,1305 Suffolk Dr,30.3101978302002,-97.7024154663086,2018-03-17
1842,625000,3,3,78723,13,1921 Zach Scott St,30.2939434051514,-97.7062377929688,2020-04-07
1040,389500,3,2,78723,63,1400 Westmoor Dr,30.3097038269043,-97.7020797729492,2018-09-07
2669,478165,4,3,78723,10,1908 Tom Miller St,30.2937145233154,-97.7068710327148,2019-05-21
2756,995000,4,4,78723,3,4709 Camacho St,30.2955169677734,-97.6980438232422,2020-08-24
1057,399000,3,1,78723,1,1608 Westmoor Dr,30.3075428009033,-97.6974334716797,2019-02-22
2019,650000,4,3,78723,7,4532 Ruiz St,30.2982730865479,-97.7022171020508,2019-06-25
2035,368000,4,3,78723,61,1700 Larkwood Ct,30.3108291625977,-97.6942367553711,2019-08-19
2786,859000,4,3,78723,4,4212 Vaughan St,30.2940979003906,-97.6978149414062,2020-07-07
1644,475000,3,2,78723,51,1708 Broadmoor Dr,30.3060073852539,-97.696159362793,2019-08-13
1895,550000,3,2,78723,50,1805 Westmoor Dr,30.306001663208,-97.6953201293945,2020-06-01
1625,460000,3,2,78723,65,1610 Ridgemont Dr,30.3103351593018,-97.6953048706055,2020-04-22
1300,460000,3,2,78723,64,1508 Northridge Dr,30.3132038116455,-97.6954879760742,2019-08-26
1600,350000,4,2,78723,64,1506 Northridge Dr,30.3132915496826,-97.695671081543,2019-08-02
3307,1215000,5,5,78723,1,4318 Tilley St,30.2953262329102,-97.6953582763672,2020-11-19
1080,340000,3,2,78723,62,1305 Westmoor Dr,30.3099021911621,-97.7040786743164,2018-07-31
1492,495000,3,2,78723,65,1606 Ridgehaven Dr,30.3120098114014,-97.694953918457,2020-09-16
1420,400000,3,2,78723,63,1507 Northridge Dr,30.3128490447998,-97.6959609985352,2018-06-19
1878,579000,3,2,78723,63,1800 Corona Dr,30.3080177307129,-97.6945724487305,2020-05-01
1177,285000,3,1,78723,64,1507 Ridgehaven Dr,30.3121337890625,-97.696403503418,2019-12-23
1898,524900,3,2,78723,60,1806 Rogge Ln,30.3070487976074,-97.6942749023438,2019-01-17
1835,399000,3,2,78723,65,1512 Ridgemont Dr,30.31081199646,-97.6964950561523,2019-05-31
1216,399000,3,2,78723,63,5308 Halwill Pl,30.3108158111572,-97.7034301757812,2018-12-15
2314,839000,3,3,78723,6,4208 Nitschke St,30.2940559387207,-97.6994323730469,2021-01-06
1120,330000,3,2,78723,64,1205 Ridgemont Dr,30.3136577606201,-97.7032928466797,2018-03-27
3303,1050000,4,4,78723,3,4512 Camacho St,30.2958717346191,-97.6994934082031,2020-09-25
1346,419900,3,2,78723,65,1418 Northridge Dr,30.3139629364014,-97.6969833374023,2020-09-25
2150,424900,3,2,78723,65,1612 Westmoor Dr,30.3073863983154,-97.6970977783203,2020-05-08
1877,399999,3,2,78723,51,7307 Bucknell Dr,30.3221435546875,-97.6729278564453,2018-11-30
2129,519000,4,3,78723,51,7307 Geneva Dr,30.3222599029541,-97.6744613647461,2018-05-12
1594,478000,3,2,78723,51,7404 Charlton Dr,30.3234577178955,-97.6750564575195,2019-05-31
1580,300000,4,2,78723,60,1609 Ashberry Dr,30.3180389404297,-97.6916732788086,2019-08-16
2752,625000,4,3,78723,54,3305 Loyola Ln,30.3110332489014,-97.6690826416016,2020-12-23
1458,165000,3,3,78723,21,3205 Rockhurst Ln,30.3141918182373,-97.6672515869141,2019-02-28
1200,210000,3,2,78723,54,6903 Bryn Mawr Dr,30.3146457672119,-97.6687545776367,2018-09-22
1344,422500,3,2,78723,61,1508 Glencrest Dr,30.3184661865234,-97.6935195922852,2020-04-23
2086,462500,4,3,78723,48,6414 Bridgewater Dr,30.3047790527344,-97.666374206543,2020-11-09
1705,499900,3,2,78723,52,6811 De Paul Cv,30.3170013427734,-97.6740570068359,2019-11-27
1584,320000,4,2,78723,50,3207 Rogge Ln,30.3022651672363,-97.6769714355469,2018-07-18
1580,265000,3,2,78723,55,6302 Brookside Dr,30.3196468353271,-97.6938171386719,2018-03-02
1792,399000,4,2,78723,56,2502 Lehigh Dr,30.3171997070312,-97.6780776977539,2020-02-05
1821,425000,3,2,78723,59,5348 Westminster Dr,30.3047466278076,-97.6873092651367,2018-07-25
1707,400000,3,2,78723,56,2509 Loyola Ln,30.3175716400146,-97.676383972168,2020-05-29
2251,575000,4,3,78723,53,5502 Ameswood Dr,30.3005065917969,-97.6784820556641,2018-06-01
1557,515777.00000000006,3,2,78723,58,5701 Sutherlin Rd,30.3083953857422,-97.6855621337891,2020-06-18
1624,469900,3,2,78723,60,5304 Middale Ln,30.3043975830078,-97.6884002685547,2019-01-04
1423,365000,3,2,78723,61,5307 Waterbrook Dr,30.3044376373291,-97.6887512207031,2020-07-27
1492,320000,3,2,78723,56,5705 Wellington Dr,30.3070430755615,-97.6852035522461,2018-08-13
1316,399000,3,2,78723,53,5601 Cordell Ln,30.3009815216064,-97.6790771484375,2018-05-31
2378,499000,4,3,78723,54,5704 Coventry Ln,30.3068256378174,-97.6848297119141,2019-12-30
2547,574900,4,3,78723,57,5706 Coventry Ln,30.3070220947266,-97.6847763061523,2020-05-21
1380,250000,3,2,78723,58,3207 Carol Ann Dr,30.3103370666504,-97.6714401245117,2020-11-03
1820,420000,3,2,78723,54,6507 Auburnhill St,30.3135147094727,-97.6767730712891,2019-03-15
1460,379000,3,3,78723,53,6711 Langston Dr,30.315221786499,-97.6727142333984,2018-12-19
2058,499000,4,2,78723,52,6604 Auburnhill St,30.3143272399902,-97.6759338378906,2019-04-19
2236,546500,4,2,78723,59,2605 Rogge Ln,30.3052177429199,-97.6831588745117,2020-02-28
1874,484900,3,3,78723,4,2512 Wheless Ln #4,30.309642791748,-97.6814956665039,2020-04-02
1305,425000,3,1,78723,61,5202 Brookdale Ln,30.3025875091553,-97.6878509521484,2020-05-19
2007,579900,3,3,78723,53,7105 Geneva Dr,30.319580078125,-97.6722106933594,2020-12-11
2592,749000,4,3,78723,61,5207 Robinsdale Ln,30.3028125762939,-97.6889343261719,2020-09-15
2811,599000,4,2,78723,52,3101 Loyola Ln,30.3120536804199,-97.6712112426758,2020-08-06
2303,489900,4,2,78723,58,5601 Wellington Dr,30.3058338165283,-97.6852188110352,2018-10-30
2302,424900,4,2,78723,49,6507 Auburndale St,30.3125820159912,-97.6760711669922,2020-04-10
1079,360000,3,1,78723,60,5202 Old Manor Rd,30.3001461029053,-97.6874237060547,2021-01-11
1734,399900,3,2,78723,55,6002 Thames Dr,30.3127593994141,-97.6874465942383,2019-07-01
1633,340000,3,2,78723,54,6004 Thames Dr,30.3129634857178,-97.6874542236328,2019-04-05
2229,423000,4,2,78723,52,6100 Thames Dr,30.3132019042969,-97.6874771118164,2020-09-08
1120,157950,3,2,78723,60,2302 Trafalgar Dr,30.3066024780273,-97.6872406005859,2020-11-25
1220,229900,3,2,78723,60,2304 Trafalgar Dr,30.306489944458,-97.6870269775391,2020-10-15
1478,459900,3,3,78723,60,6300 Windslow Ct,30.3128051757812,-97.6828384399414,2018-12-28
1288,439999,4,2,78723,62,5111 Brookdale Ln,30.3020343780518,-97.6886520385742,2020-05-07
1170,300000,4,2,78723,58,6101 Derby Cv,30.3100452423096,-97.6821899414062,2019-05-30
1650,424000,3,2,78723,61,2308 Devonshire Dr,30.312068939209,-97.6833572387695,2019-06-30
1340,389000,3,1,78723,62,2400 Devonshire Dr,30.3114910125732,-97.6829223632812,2020-03-16
1036,385000,3,2,78723,62,2305 Towbridge Cir,30.3125877380371,-97.6832504272461,2020-09-16
1582,390000,4,2,78723,56,6606 Willamette Dr,30.3150157928467,-97.6776733398438,2018-02-24
1255,139900,3,2,78723,60,5345 Westminster Dr,30.3045406341553,-97.686408996582,2019-03-07
1020,115000,3,2,78723,49,6410 Auburn Dr,30.3131484985352,-97.6787719726562,2019-10-15
1709,370000,3,2,78723,57,2105 Columbia Cv,30.3196811676025,-97.6833648681641,2019-04-03
1556,299900,4,2,78723,59,5313 Wellington Dr,30.3022727966309,-97.6852111816406,2020-11-06
2100,550000,3,3,78723,57,2304 Loyola Ln,30.3186168670654,-97.6792678833008,2020-05-26
1512,310000,3,3,78723,52,2305 Lehigh Dr,30.3165073394775,-97.6803817749023,2018-01-25
1616,475000,3,2,78723,57,6504 Bradley Dr,30.3157138824463,-97.6805953979492,2019-05-24
978,385000,3,1,78723,63,2102 Bristol Dr,30.3151931762695,-97.6840438842773,2020-12-14
1557,389000,3,2,78723,54,3011 Northeast Dr,30.3104362487793,-97.6739959716797,2018-09-14
1648,209900,3,2,78723,66,6207 Betty Cook Dr,30.3091316223144,-97.6746444702148,2019-02-12
1750,417500,4,2,78723,58,6708 Northeast Dr,30.317497253418,-97.6813583374023,2019-03-21
1343,426500,3,2,78723,57,6809 Notre Dame Dr,30.3189296722412,-97.68115234375,2019-09-13
1174,310500,3,2,78723,33,7004 Dubuque Ln,30.3158340454102,-97.6662445068359,2019-09-10
1190,260000,3,2,78723,60,4808 Blueberry Trl,30.295576095581,-97.6860656738281,2020-07-23
1120,449000,3,2,78723,60,4812 Blueberry Trl,30.2958908081055,-97.6860656738281,2020-12-11
2070,429900,4,2,78723,14,6711 Notre Dame Dr,30.3180694580078,-97.6816864013672,2019-10-10
1746,449000,3,2,78723,57,6213 Walnut Hills Dr,30.3090896606445,-97.6757736206055,2020-02-24
1846,479000,4,2,78723,64,2000 Eaton Ln,30.3145313262939,-97.6864929199219,2020-09-16
1821,399999,4,1,78723,60,5609 Westminster Dr,30.3095455169678,-97.6903457641602,2020-06-19
1522,399950,4,2,78723,57,2114 Fordham Ln,30.3176956176758,-97.6833648681641,2019-08-20
2002,474900,4,3,78723,49,3112 Val Dr,30.3168678283691,-97.6656951904297,2019-10-18
1526,477900,3,2,78723,51,2013 Singing Brk,30.3032493591309,-97.691276550293,2019-12-06
1892,299000,3,2,78723,56,3002 Maplelawn Cir,30.3065299987793,-97.677375793457,2020-08-20
1901,479000,4,2,78723,55,3401 Norwood Hill Rd,30.2973575592041,-97.6771240234375,2020-04-28
1451,409000,3,2,78723,50,5409 Westminster Dr,30.3064346313477,-97.6891937255859,2018-01-24
1410,439900,3,2,78723,51,5113 Wayborne Hill Dr,30.2971057891846,-97.6830673217773,2018-10-20
1349,390000,3,2,78723,47,6506 Highpoint Cv,30.3071746826172,-97.6660461425781,2018-03-29
1480,469950,3,2,78723,53,5304 Basswood Ln,30.2967147827148,-97.6768188476562,2019-12-16
1577,399900,3,2,78723,49,5101 Wayborne Hill Dr,30.2970485687256,-97.6843185424805,2019-07-24
1492,79900,4,2,78723,14,3302 Hycreek Dr,30.305700302124,-97.6727981567383,2018-06-08
1948,263900,4,3,78723,48,3010 Lynridge Dr,30.3183078765869,-97.6667556762695,2018-07-20
968,415000,3,1,78723,64,6309 Dorchester Dr,30.3147125244141,-97.6853332519531,2020-05-15
1534,424950,3,2,78723,51,5203 Marymount Dr,30.2980461120606,-97.6836318969727,2018-11-17
1776,525000,4,2,78723,63,6305 Dorchester Dr,30.3143577575684,-97.6853256225586,2020-06-15
1475,335000,3,3,78723,55,6905 Columbia Dr,30.3201465606689,-97.6825561523438,2019-03-11
1900,179900,4,2,78723,61,1903 Northridge Dr,30.310676574707,-97.69189453125,2018-06-07
2244,550000,4,3,78723,50,6814 Langston Dr,30.3169136047363,-97.6715698242188,2020-03-13
944,259899.99999999997,3,1,78723,54,5303 Gladstone Dr,30.2968807220459,-97.6783447265625,2019-10-17
1341,353000,3,2,78723,54,6900 Cal Cv,30.3174571990967,-97.6704330444336,2019-04-16
2020,600000,4,3,78723,54,5607 Chadwyck Dr,30.3011035919189,-97.6751556396484,2020-07-13
1253,449950,3,2,78723,55,5211 Gladstone Dr,30.2963180541992,-97.6782836914062,2020-08-25
1594,345899,3,2,78723,49,7207 Meadowood Dr,30.3204689025879,-97.6698532104492,2018-09-20
1242,325000,3,2,78723,58,6713 Haney Dr,30.3187961578369,-97.6842422485352,2018-09-19
2074,625000,3,2,78723,56,6902 Langston Dr,30.3171291351318,-97.6707916259766,2020-10-08
2184,255000,4,3,78723,51,7105 Meadowood Dr,30.3197078704834,-97.6707077026367,2020-04-20
2106,379000,4,3,78723,51,7205 Bucknell Dr,30.3207378387451,-97.6723861694336,2018-07-10
1481,320000,3,2,78723,46,6502 Bridgewater Cv,30.3055267333984,-97.6645050048828,2018-05-22
1307,350000,3,2,78723,52,5229 Basswood Ln,30.2959899902344,-97.6766586303711,2019-12-19
1409,439000,3,2,78723,54,5227 Basswood Ln,30.2958316802979,-97.6767578125,2020-01-21
1954,559900,4,2,78723,52,7206 Fred Morse Dr,30.3201332092285,-97.6691436767578,2020-10-13
1445,290000,4,2,78723,52,5213 Basswood Ln,30.2948722839356,-97.677864074707,2019-04-02
1347,385000,3,2,78723,54,5211 Basswood Ln,30.2948608398438,-97.6781234741211,2020-05-08
2210,459900,4,3,78723,53,6806 Kings Point W,30.3123893737793,-97.6666412353516,2019-04-25
1786,469000,3,2,78723,55,5504 Cordell Ln,30.3002910614014,-97.6793060302734,2020-09-18
1354,485000,3,2,78723,64,1600 Briarcliff Blvd,30.3147983551025,-97.6934280395508,2020-09-11
2000,600000,3,2,78723,57,5806 N Hampton Dr,30.3105049133301,-97.6861572265625,2020-11-06
1417,415000,3,2,78723,60,5216 Overbrook Dr,30.299352645874,-97.6847991943359,2019-10-25
2000,459999,4,2,78723,56,5810 N Hampton Dr,30.3108615875244,-97.6858596801758,2020-06-30
1156,419000,3,2,78723,60,5300 Overbrook Dr,30.2996883392334,-97.6848068237305,2019-11-13
2149,479900,4,3,78723,56,6917 La Salle Dr,30.3160934448242,-97.6679306030273,2019-06-02
1670,390000,4,2,78723,53,5802 Thames Dr,30.3108196258545,-97.6872711181641,2019-08-27
1272,359900,3,2,78723,53,3400 Norwood Hill Rd,30.2978591918945,-97.677116394043,2018-07-10
1300,429000,3,2,78723,62,1606 Sweetbriar Ave,30.313850402832,-97.6934509277344,2018-09-18
1559,375000,4,2,78723,51,5402 Basswood Ln,30.2979393005371,-97.6759490966797,2018-12-07
1508,249900,3,2,78723,51,6614 Ashland Dr,30.3088684082031,-97.6642379760742,2020-07-15
2286,199000,4,3,78723,48,3103 Val Dr,30.3168869018555,-97.6668930053711,2018-07-18
1440,475000,3,2,78723,60,5509 Delwood Dr,30.3084297180176,-97.6918640136719,2019-09-04
1715,499500,4,3,78723,52,7301 Hartnell Dr,30.3212795257568,-97.674690246582,2020-04-03
1431,440000,3,2,78723,59,5501 Delwood Dr,30.3077011108398,-97.6915054321289,2020-04-06
986,399000,3,1,78723,58,6910 Bryn Mawr Dr,30.3154201507568,-97.6683883666992,2020-11-12
1735,229900,3,2,78723,57,2007 Rogge Ln,30.3077602386475,-97.6891479492188,2018-07-13
1590,350000,3,2,78723,54,7201 Northeast Dr,30.3218631744385,-97.6791381835938,2019-03-04
1494,412000,3,2,78723,59,5512 Delwood Dr,30.308666229248,-97.6926574707031,2019-08-30
1731,284900,3,2,78723,55,5208 Gladstone Dr,30.296049118042,-97.6787796020508,2020-07-10
2040,460000,3,2,78723,53,7214 Geneva Dr,30.3213043212891,-97.6742401123047,2020-09-21
1815,465000,4,2,78723,54,6814 Hanover Ln,30.3158721923828,-97.6712799072266,2018-07-03
2336,252000,4,2,78723,52,3500 Loyola Ln,30.3108329772949,-97.6675720214844,2018-08-07
1560,575000,3,2,78723,54,5715 Wight Cv,30.3085098266602,-97.6870422363281,2018-04-05
939,369900,3,1,78723,60,5304 Wellington Dr,30.3013286590576,-97.6858139038086,2020-03-21
1577,425000,3,2,78723,53,5507 Chadwyck Dr,30.2998428344727,-97.6748352050781,2020-07-10
1659,455000,3,2,78723,53,5705 Wight Cv,30.3074531555176,-97.6861267089844,2018-07-19
1525,449950,3,2,78723,64,5405 Overbrook Dr,30.3009567260742,-97.6835479736328,2020-03-23
1837,419900,3,2,78723,50,7303 Fred Morse Dr,30.3194541931152,-97.6679840087891,2019-02-07
1541,340000,4,2,78723,52,7302 Hartnell Dr,30.3212032318115,-97.6753234863281,2020-12-11
2100,499900,4,3,78723,51,7301 Fred Morse Dr,30.3195056915283,-97.6681747436523,2020-08-14
1514,449900,3,2,78723,54,5209 Halmark Dr,30.2959575653076,-97.6791152954102,2020-06-29
1229,299000,3,2,78723,55,5708 Wellington Dr,30.3077030181885,-97.6857452392578,2018-02-07
2430,260000,4,3,78723,53,6807 Langston Dr,30.3159255981445,-97.671630859375,2019-02-15
1596,435000,3,2,78723,57,5722 Wellington Dr,30.30885887146,-97.6868362426758,2020-08-10
2016,454400,4,3,78723,50,7101 Fred Morse Dr,30.3187980651856,-97.6706008911133,2019-03-22
1397,480000,3,2,78723,59,5407 Coventry Ln,30.3025894165039,-97.6842880249023,2020-10-06
2061,335000,4,2,78723,52,5409 Claymoor Dr,30.2992897033691,-97.6789398193359,2018-05-31
1381,329000,3,2,78723,50,5405 Claymoor Dr,30.2990589141846,-97.6793670654297,2018-02-09
1304,419950,3,2,78723,55,5511 Gloucester Ln,30.3019371032715,-97.6797332763672,2019-12-27
1497,440500,3,2,78723,53,5503 Gloucester Ln,30.3011798858642,-97.6799850463867,2019-07-30
1600,325000,3,2,78723,54,2034 Northridge Dr,30.3084545135498,-97.6876068115234,2018-09-29
1364,359900,3,2,78723,57,6811 La Salle Dr,30.3152389526367,-97.6697006225586,2019-03-08
1217,169000,3,2,78723,58,6716 Haney Dr,30.319242477417,-97.6846237182617,2018-08-15
1387,447500,3,2,78723,53,3105 Susquehanna Ln,30.3154067993164,-97.6669616699219,2020-10-26
2002,650000,3,2.5,78723,6,5312 Wellington Dr,30.3021717071533,-97.6858139038086,2020-07-08
1078,329900,3,2,78723,23,3202 Rockhurst Ln,30.3146934509277,-97.6669235229492,2019-04-29
1158,385000,3,1,78723,62,2921 Pecan Springs Rd,30.2998390197754,-97.6833190917969,2020-07-22
1359,146000,3,2,78723,52,3004 Norwood Hill Rd,30.2996273040771,-97.6807174682617,2020-09-01
1913,225000,4,3,78723,24,3207 Susquehanna Ln,30.314603805542,-97.6664505004883,2019-10-15
1025,310000,3,1,78723,63,6203 Peggy St,30.3142108917236,-97.6875686645508,2019-01-17
1402,375000,4,2,78723,50,3504 Rockhurst Ln,30.3127384185791,-97.6658248901367,2018-06-22
1647,325000,3,2,78723,35,6303 Waynesburg Cv,30.3028297424316,-97.6655731201172,2020-05-12
1645,139975,3,2,78723,51,2306 Rogge Ln,30.3074626922607,-97.6866912841797,2020-12-11
2144,469900,4,3,78723,50,6703 Kings Point W,30.311502456665,-97.6681442260742,2019-08-01
1811,479900,4,2,78723,55,7000 Creighton Ln,30.3195323944092,-97.6766967773438,2020-04-29
1350,435000,4,2,78723,59,6709 Dubuque Ln,30.3132038116455,-97.6703567504883,2020-08-31
932,269900,3,1,78723,59,1907 Patton Ln,30.3176212310791,-97.686882019043,2018-09-15
1068,340000,3,1,78723,62,5406 Waterbrook Dr,30.3055820465088,-97.6886672973633,2020-10-15
1356,450000,3,2,78723,56,6702 Dubuque Ln,30.3130073547363,-97.6710739135742,2020-10-08
1597,524900,3,3,78723,59,5414 Coventry Ln,30.3031215667725,-97.6847763061523,2020-10-19
3143,620000,4,3,78723,55,2204 Langford Cv,30.3098220825195,-97.6851196289062,2018-10-30
1615,208000,4,3,78723,56,5418 Coventry Ln,30.3034915924072,-97.6848297119141,2019-02-12
1350,349990,3,2,78723,66,5511 Manor Rd,30.3028869628906,-97.6826248168945,2020-04-13
1120,415000,3,2,78723,61,5329 Wellington Dr,30.3037071228027,-97.6852188110352,2020-06-30
3680,1125000,4,4,78731,11,5911 N West Pl,30.3474540710449,-97.7824783325195,2020-04-14
2584,1180000,3,2,78731,60,3417 Mount Barker Dr,30.3254795074463,-97.7719192504883,2018-05-12
1900,799000,3,2,78731,55,3904 Bowhill Dr,30.342456817627,-97.7673950195312,2020-10-01
2350,725000,3,3,78731,35,6007 Twin Valley Cv,30.350019454956,-97.7806243896484,2020-11-28
3236,920000,5,4,78731,53,6002 Highlandale Dr,30.3452568054199,-97.7627563476562,2020-09-23
3372,875000,5,3,78731,16,5610 Mount Bonnell Rd,30.3409461975098,-97.7792434692383,2018-11-09
2846,699000,4,4,78731,55,3610 Highland View Dr,30.3460292816162,-97.7609939575195,2019-07-02
2976,750000,5,4,78731,52,3900 Glengarry Dr,30.3435249328613,-97.7660903930664,2020-04-30
2704,795000,4,3,78731,58,5910 Highland Hills Dr,30.3437805175781,-97.7591781616211,2018-08-24
2861,825000,4,2,78731,52,3603 Highland View Dr,30.3457164764404,-97.7601165771484,2020-09-18
2269,420000,3,3,78731,35,4710 Palisade Dr,30.3412857055664,-97.7819061279297,2018-03-19
2020,649999,3,3,78731,37,4702 Palisade Dr,30.3412170410156,-97.7810134887695,2020-03-09
3160,749000,5,3,78731,57,6003 Highlandale Dr,30.3453598022461,-97.7621688842773,2019-09-12
2702,985000,3,3,78731,29,5308 Mount Bonnell Rd,30.3375015258789,-97.7764663696289,2020-10-14
3182,975000,4,4,78731,22,5604 Palisade Ct,30.3404598236084,-97.7822647094727,2018-06-21
1614,699000,3,2,78731,45,5817 Highland Pass,30.3434467315674,-97.7613983154297,2020-09-16
1890,715000,3,2,78731,46,6109 Highland Hills Dr,30.3495407104492,-97.759521484375,2018-10-02
1951,950000,4,3,78731,68,3202 Highland Ter W,30.3295955657959,-97.7587966918945,2019-04-01
2174,649000,3,2,78731,59,5911 Highland Hills Dr,30.3434257507324,-97.7586059570312,2018-05-18
3252,719000,4,4,78731,59,3422 Mount Barker Dr,30.3263645172119,-97.7719497680664,2019-05-31
2084,649900,4,3,78731,39,5905 Paseo Del Toro,30.3436737060547,-97.7635269165039,2019-09-30
2077,850000,3,2,78731,52,3508 Highland View Dr,30.3461856842041,-97.7578964233398,2020-10-23
2356,850000,3,4,78731,23,5952 Highland Hills Dr,30.3467636108398,-97.7575378417969,2019-10-30
2173,605000,4,2,78731,54,6206 Highland Hills Dr,30.3499584197998,-97.7611618041992,2020-09-22
2262,825000,3,3,78731,63,3405 Spanish Oak Dr,30.3267803192139,-97.7690505981445,2018-03-02
2598,585000,3,3,78731,36,5911 Lookout Mountain Dr,30.345458984375,-97.7814483642578,2020-07-06
3854,948000,4,5,78731,0,4005 Balcones Dr,30.3216285705566,-97.7701721191406,2020-09-01
1088,450000,3,1,78731,70,5205 Valley Oak Dr,30.3333435058594,-97.7568054199219,2020-01-15
3076,699900,5,3,78731,45,3711 Laurel Ledge Ln,30.3479862213135,-97.7623443603516,2018-07-24
2832,574900,4,3,78731,46,3801 Laurel Ledge Ln,30.3481922149658,-97.7625122070312,2019-04-15
2386,960000,3,3,78731,60,3702 Edgemont Dr,30.3182678222656,-97.7690200805664,2019-05-10
1599,639900,3,2,78731,50,3514 Hillbrook Dr,30.3461875915527,-97.7593841552734,2019-04-15
1453,414000,3,2,78731,69,5111 Valley Oak Dr,30.3322372436523,-97.7561874389648,2019-05-23
3291,1075000,3,4,78731,56,3404 Cascadera Dr,30.3186550140381,-97.7699203491211,2018-12-13
2597,625000,3,3,78731,41,4506 Small Dr,30.3426303863525,-97.7784042358398,2018-08-28
3352,1100000,4,3,78731,36,5920 N West Pl,30.3476123809814,-97.7829055786133,2020-11-10
2758,1195000,4,3,78731,6,1911 W 36th St,30.3094501495361,-97.7553482055664,2020-08-07
1792,775000,3,2,78731,66,5112 Crestway Dr,30.3342227935791,-97.7599258422852,2019-03-27
3126,850000,5,3,78731,19,6301 Mountainclimb Dr,30.3492183685303,-97.7634963989258,2018-05-24
3027,1095000,4,3,78731,44,3808 Laurel Ledge Ln,30.3491992950439,-97.7631607055664,2019-05-30
1764,749900,3,2,78731,66,2618 Pembrook Trl,30.3216724395752,-97.7480316162109,2020-06-12
2506,849000,4,3,78731,24,4412 Small Dr,30.3425369262695,-97.7768402099609,2019-06-11
3084,550000,4,3,78731,42,3704 Laurel Ledge Ln,30.3476657867432,-97.7617340087891,2019-11-15
2754,699999,4,3,78731,38,5100 Lucas Ln,30.3350601196289,-97.7640609741211,2018-05-02
2271,995000,3,3,78731,62,5324 Western Hills Dr,30.3383350372314,-97.7645797729492,2020-06-02
1747,795000,3,4,78731,4,1821 W 39th St #A,30.3119621276856,-97.7526626586914,2020-05-26
3519,860000,4,4,78731,32,6002 Mountain Villa Dr,30.3476161956787,-97.7773056030273,2020-06-02
2705,825000,3,2,78731,31,5314 Tortuga Trl,30.3350200653076,-97.7792663574219,2020-05-29
2279,929900,4,3,78731,0,4522 Highland Ter,30.3224754333496,-97.7553634643555,2020-11-12
2233,849000,3,2,78731,35,6000 Mesa Dr,30.3458633422852,-97.7722015380859,2020-02-12
2259,839000,3,2,78731,67,4603 Horseshoe Bnd,30.3241367340088,-97.756591796875,2018-07-12
2468,650000,4,3,78731,33,5821 Mount Bonnell Rd,30.3446006774902,-97.7789764404297,2019-05-22
2999,789950,3,3,78731,18,6005 Lonesome Valley Trl,30.3472061157227,-97.7733535766602,2019-02-07
1750,350000,3,2,78731,67,1921 W 40th St,30.3133964538574,-97.7551345825195,2019-05-30
3287,740000,3,3,78731,42,4503 Knap Holw,30.3482704162598,-97.7777557373047,2018-11-06
3613,850000,4,3.5,78731,26,5901 Lonesome Valley Trl,30.3450565338135,-97.772705078125,2019-06-28
2723,450000,3,3,78731,52,5801 Highland Hills Dr,30.341194152832,-97.7585525512695,2020-07-26
1536,440000,3,1,78731,69,4514 Highland Ter,30.3218078613281,-97.75537109375,2018-03-12
1913,650000,3,2,78731,63,5800 Trailridge Dr,30.3403339385986,-97.7571792602539,2019-05-29
1619,559900,3,2,78731,66,4600 Finley Dr,30.3215179443359,-97.7521362304688,2019-10-28
3059,749000,4,4,78731,34,5402 Mountain Cedar Cv,30.3363227844238,-97.7800521850586,2018-07-16
2132,850000,3,3,78731,35,3911 Dry Creek Dr,30.3446922302246,-97.7670364379883,2020-07-13
2746,975000,5,3,78731,36,3915 Dry Creek Dr,30.3451061248779,-97.7674255371094,2020-05-07
2996,1075000,3,3,78731,69,3400 Perry Ln,30.3297214508057,-97.7651596069336,2020-10-19
1134,199900,3,1,78731,65,4808 Westfield Dr,30.3261756896973,-97.7552795410156,2018-08-30
1992,579900,3,2,78731,64,5017 Highland Ct,30.3304119110107,-97.7562408447266,2019-09-30
2296,899000,3,2,78731,70,4107 Jefferson St,30.3147468566894,-97.7494430541992,2018-07-17
3143,850000,4,3,78731,38,4009 Firstview Dr,30.3473033905029,-97.769401550293,2019-12-20
2984,960000,4,3,78731,35,6203 Bon Terra Dr,30.3487911224365,-97.7659454345703,2019-06-28
3544,1100000,5,6,78731,31,3913 Walnut Clay Dr,30.3497066497803,-97.7655715942383,2019-05-22
3136,795000,4,4,78731,26,6002 Marquesa Dr,30.3454113006592,-97.7664566040039,2019-12-17
1524,650000,3,2,78731,68,3307 Big Bend Dr,30.3291206359863,-97.7615585327148,2019-05-31
2701,349900,4,4,78731,34,4805 Fern Holw,30.3465595245361,-97.7814025878906,2018-03-05
2463,675000,3,3,78731,35,6100 Marquesa Dr,30.3468780517578,-97.7661514282227,2018-10-18
2045,799000,3,2,78731,63,4905 Beverly Hills Dr,30.3352890014648,-97.7674407958984,2019-10-25
2002,639900,3,4,78731,37,6011 Bon Terra Dr,30.3468017578125,-97.7665939331055,2019-09-20
3369,1280000,4,5,78731,48,3607 Laurel Ledge Ln,30.3465328216553,-97.7606582641602,2020-06-01
1715,663600,3,2,78731,68,5002 Balcones Dr,30.3326816558838,-97.7614059448242,2019-01-18
2986,1250000,4,3,78731,25,6209 Edwards Mountain Cv,30.3483543395996,-97.7682418823242,2020-08-31
2623,625000,3,3,78731,33,4608 Eby Ln,30.3389377593994,-97.7797775268555,2018-07-10
2588,779000,4,3,78731,30,4505 Tortuga Cv,30.3379688262939,-97.7782211303711,2019-04-19
2036,776000,4,3,78731,60,4504 Bull Creek Rd,30.3212394714356,-97.7534255981445,2018-10-02
3502,814500,5,4,78731,21,4005 Glengarry Dr,30.3463935852051,-97.7682342529297,2019-11-22
1231,425000,3,2,78731,69,5101 Balcones Dr,30.3332099914551,-97.7600173950195,2019-04-30
2762,1295000,3,3,78731,59,4515 Balcones Dr,30.3276996612549,-97.7662124633789,2019-10-18
1818,1000000,3,2,78731,60,4509 Balcones Dr,30.3264694213867,-97.7661666870117,2019-10-31
1525,550000,3,2,78731,70,5104 Fairview Dr,30.3330135345459,-97.7588195800781,2020-09-15
2581,625000,3,3,78731,39,4831 Twin Valley Dr,30.3491363525391,-97.781852722168,2019-08-14
2898,635000,3,3,78731,34,4410 Jessamine Holw,30.3488712310791,-97.7770156860352,2019-06-28
1500,405000,3,2,78731,74,3915 Oakmont Blvd,30.3127994537354,-97.7530746459961,2019-08-15
2777,1250000,4,4,78731,0,1803 W 37th St,30.3097839355469,-97.7523956298828,2019-11-01
1834,899000,3,2,78731,70,4013 Ridgelea Dr,30.3132038116455,-97.7498321533203,2020-07-08
1649,419999,3,3,78723,0,5310 Golden Canary Ln,30.2956447601318,-97.6762084960938,2019-08-29
3351,689000,4,4,78731,34,5915 Overlook Dr,30.3428707122803,-97.7548599243164,2018-08-31
1703,835000,3,2,78731,12,4710 Rue St,30.3226852416992,-97.7479476928711,2020-11-27
2644,1015000,3,4,78731,1,4615 Bull Creek Rd,30.3226833343506,-97.7518463134766,2019-03-25
1670,550000,3,2,78731,54,4811 W Market Dr,30.3253421783447,-97.7518920898438,2018-12-13
3005,1250000,4,4,78731,0,2620 W 49th 1/2 St,30.3250350952148,-97.7483978271484,2018-05-25
1715,549000,3,3,78731,55,4904 W Market Dr,30.3259258270264,-97.7517700195312,2020-02-27
2566,999998,4,3,78731,4,4808 Placid Pl,30.3254585266113,-97.7524948120117,2019-07-25
1771,575000,3,2,78731,56,4810 Placid Pl,30.3256511688232,-97.7525405883789,2020-10-20
1613,649900,4,2,78731,67,2800 W 50th St,30.3262157440186,-97.7502059936523,2020-12-18
1455,700000,3,2,78731,67,4913 Strass Dr,30.3230438232422,-97.7462158203125,2020-04-30
2133,599900,3,2,78731,66,5300 Turnabout Ln,30.3290424346924,-97.7479019165039,2020-04-22
1544,325000,3,2,78731,64,5004 Strass Dr,30.3257236480713,-97.7468643188477,2018-04-26
2517,825000,4,3,78731,70,4602 Bull Creek Rd,30.3225536346436,-97.7526092529297,2018-05-15
1400,610000,4,2,78731,68,4912 W Park Dr,30.327278137207,-97.7534332275391,2020-03-24
2168,750000,3,2,78731,69,2903 Terrain Ln,30.3227138519287,-97.7539596557617,2018-09-06
1457,365000,3,2,78731,66,4805 Westfield Dr,30.3261013031006,-97.7547302246094,2019-11-22
1998,699000,4,3,78731,68,5019 W Park Dr,30.3291873931885,-97.7527313232422,2019-07-10
1555,618000,3,2,78731,68,2906 Perry Ln,30.3241481781006,-97.7534866333008,2018-07-31
1395,459000,3,2,78731,66,5011 W Frances Pl,30.3287353515625,-97.7537536621094,2019-07-31
2022,725000,4,2,78731,65,5005 W Frances Pl,30.328239440918,-97.7537612915039,2018-05-25
2462,874999,3,3,78731,11,5013 Westfield Dr,30.329511642456,-97.7546463012695,2019-10-19
1383,479900,3,2,78731,65,5010 W Frances Pl,30.3289756774902,-97.754280090332,2018-08-31
1461,624900,3,2,78731,66,4613 Finley Dr,30.3221607208252,-97.751106262207,2020-02-06
