"state","population","year","lastvote","nextvote"
1,1233000,1914,46.1557195186615,36.0975723266602
1,1294000,1916,48.0381458997726,45.4687461853027
1,1431000,1922,46.5656697750092,45.5982131958008
1,1531000,1926,36.1659717559814,48.4760627746582
1,1577000,1928,45.871515750885,51.7468681335449
1,1637000,1932,50.3662407398224,39.8026428222656
1,1650000,1934,51.7468690872192,53.1510696411133
1,1684000,1938,48.4547123908997,51.9876365661621
1,1778000,1944,52.3517279624939,51.678295135498
1,2081000,1952,45.9400682449341,57.4689025878906
1,2316000,1956,44.1025943756104,51.2547416687012
1,2446000,1958,57.4689030647278,64.6442565917969
1,2647000,1962,51.2547419071198,54.2911643981934
1,2798000,1964,64.6531972885132,33.7924537658691
1,2964000,1968,54.292781829834,63.674861907959
1,3032217,1970,46.0246176719666,41.2177429199219
1,3074047,1974,64.6907434463501,56.3415184020996
1,3083335,1976,41.7469825744629,46.0675849914551
1,3107576,1980,56.714241027832,64.7633972167969
1,3139013,1982,47.8384568691254,49.7644386291504
1,3223740,1986,64.9578838348389,58.8120155334473
1,3271953,1988,50.3630235791206,67.0432662963867
1,3274997,1992,60.3465404510498,65.1460876464844
1,3268346,1994,68.0152797698975,63.214111328125
1,3272563,1998,66.3889636993408,65.3606033325195
1,3405650,2000,64.5213260650635,39.7296409606934
1,3496094,2004,66.856086730957,55.1584167480469
2,775000,1916,46.5738236904144,42.4959449768066
2,760000,1918,44.4322543144226,39.5709381103516
2,778000,1922,42.4959435462952,30.3589725494385
2,797000,1928,30.3589725494385,49.7090759277344
2,800000,1930,39.0552597045898,49.25390625
2,829000,1934,49.7847676277161,41.2734107971191
2,840000,1936,49.2539048194885,33.330940246582
2,849000,1940,41.3329334259033,36.4536552429199
2,839000,1942,33.330940246582,28.6997890472412
2,832000,1946,36.4536542892456,37.2583045959473
2,878000,1948,28.6997890472412,41.3921051025391
2,915000,1952,37.2583026885986,60.7819557189941
2,927000,1954,41.3921060562134,38.3511848449707
2,944000,1958,60.7819557189941,66.616828918457
2,969000,1960,38.3511838912964,41.0535125732422
2,993000,1964,66.6168270111084,61.7408752441406
2,999000,1966,41.0535116195679,53.2315864562988
2,993722,1970,61.7408752441406,60.203254699707
2,1034292,1972,53.2315864562988,33.9383010864258
2,1113566,1978,38.6762619018555,25.8658771514893
2,1155635,1984,26.2617740631104,38.6402587890625
2,1203840,1988,81.2979373931885,36.3552856445312
2,1231296,1990,38.6498689651489,43.8754272460938
2,1237687,1994,38.059986114502,31.0587024688721
2,1241436,1996,47.3469660282135,41.5643501281738
2,1274779,2000,31.0587005615234,20.5860137939453
2,1295960,2002,41.5643510818481,38.5834350585938
3,3726000,1916,46.8144030570984,46.7474250793457
3,3695000,1918,52.2964417934418,48.609619140625
3,4102000,1924,49.1749852895737,54.0115585327148
3,4217000,1928,54.0818305015564,59.3883285522461
3,4250000,1930,54.6689972877502,41.0207748413086
3,4305000,1934,61.0062313079834,55.6355895996094
3,4355000,1936,46.2456405162811,46.6061859130859
3,4318000,1940,56.4053297042847,39.7217178344727
3,4494000,1946,40.0865364074707,51.3460083007812
3,4674000,1948,46.7390537261963,49.0248870849609
3,4650000,1952,51.4983966350555,73.1952743530273
3,4910000,1954,49.2416694760323,43.4576644897461
3,5149000,1960,43.6341018676758,38.7390365600586
3,5448000,1964,74.421070098877,62.1436042785645
3,5535000,1966,39.0319194793701,34.7275619506836
3,5689170,1970,62.5768814086914,69.308723449707
3,5760302,1972,35.6021223068237,55.0578117370605
3,5743672,1976,70.1508083343506,60.8110885620117
3,5736469,1978,55.1039681434631,55.0542945861816
3,5771222,1982,61.2759189605713,64.9730529785156
3,5840773,1984,55.0623564720154,57.0635147094727
3,5979982,1988,65.5220108032227,58.0748558044434
3,6018664,1990,57.0976867675781,52.2067489624023
3,6031352,1994,58.5323867797852,72.6890640258789
3,6085393,1996,53.7464113235474,80.0283813476562
3,6349364,2000,79.1201286315918,69.3024673461914
3,6417206,2002,80.0283851623535,65.8587646484375
4,440000,1918,46.439403295517,40.2434997558594
4,444000,1920,41.9538841247559,37.6806030273438
4,457000,1924,40.2435007095337,41.8972511291504
4,463000,1926,37.6806020736694,50.3456039428711
4,466000,1930,42.0102400779724,47.6653861999512
4,474000,1932,50.5395650863647,45.7658996582031
4,481000,1936,47.9030027389526,45.3946533203125
4,485000,1938,45.7659006118774,49.0691375732422
4,481000,1942,45.3946533203125,41.1668128967285
4,456000,1944,49.0691378712654,38.028995513916
4,520000,1948,41.5118131637573,39.7797813415527
4,554000,1954,39.779782295227,39.6543159484863
4,566000,1956,35.9283638000488,40.2906303405762
4,632000,1962,40.2906303405762,40.7039985656738
4,681000,1966,54.065981388092,56.8807525634766
4,781107,1972,56.881833076477,48.5046195983887
4,891520,1978,48.9005953073502,40.9585189819336
4,920610,1980,47.853143453598,32.3713493347168
4,976864,1984,41.1056280136108,31.3949413299561
4,1025053,1986,34.7050714492798,45.3269195556641
4,1111831,1990,33.0656318664551,46.222095489502
4,1112766,1992,48.5909968614578,28.2207660675049
4,1160768,1996,48.4849557876587,46.4016456604004
4,1185823,1998,30.2204093933105,33.7168960571289
4,1269089,2002,47.7913842201233,51.5896263122559
4,1290121,2004,33.7693996429443,36.8110198974609
5,598000,1916,54.4089035987854,52.1678619384766
5,644000,1922,54.3926877975464,49.2986946105957
5,669000,1924,42.0823259353638,49.1684722900391
5,678000,1928,49.365071952343,57.1224403381348
5,686000,1930,49.4363099336624,48.611946105957
5,675000,1934,57.1362438201904,55.161678314209
5,686000,1936,52.1156535148621,57.9679183959961
5,719000,1940,55.1616802215576,55.1124572753906
5,748000,1942,57.9679207801819,59.2873687744141
5,787000,1948,59.2873687744141,59.2895812988281
5,802000,1952,54.7786011695862,64.4858474731445
5,816000,1954,59.2895803451538,68.8966827392578
5,858000,1958,64.4858474731445,82.7307281494141
5,859000,1960,68.8966789245605,67.6594619750977
5,885000,1964,82.7307281494141,67.5422439575195
5,899000,1966,67.6594619750977,53.6829605102539
5,949723,1970,68.0407466888428,42.0312042236328
5,974790,1972,53.9851875305176,75.1123962402344
5,946089,1976,42.1455173492432,48.8021392822266
5,951816,1978,75.1123962402344,72.5525741577148
5,954170,1982,48.8021388053894,45.4074249267578
5,961894,1984,72.5525722503662,61.8331985473633
5,996408,1988,45.4074220657349,35.4766235351562
5,1004649,1990,61.8331985473633,63.4822235107422
5,987858,1996,64.2152233123779,78.3922805786133
5,1048259,2000,42.1343383789062,53.4724235534668
5,1065995,2002,78.4091053009033,73.4044876098633
6,362000,1914,21.9822978973389,21.9332141876221
6,360000,1916,24.6026515960693,32.0661888122559
6,354000,1922,32.0661888122559,28.4458847045898
6,356000,1926,26.5569725036621,44.8495864868164
6,357000,1934,48.664407491684,33.5505867004395
6,314000,1944,34.1952800750732,21.9892120361328
6,342000,1946,25.3647403717041,27.6724758148193
6,378000,1950,22.0004253387451,33.6044387817383
6,375000,1952,27.6776676177979,47.8423690795898
6,377000,1956,33.6057281494141,33.0661163330078
6,380000,1958,47.8447780609131,46.5208396911621
6,393000,1962,33.0661182403564,0
6,399000,1964,46.5250997543335,40.2010345458984
6,473002,1974,51.5430197715759,49.7590484619141
6,484928,1976,47.6717801094055,47.2253456115723
6,511456,1980,50.5842134356499,63.1566352844238
6,519109,1982,48.4791948795319,29.7649822235107
6,534066,1986,64.3297271728516,54.1620140075684
6,549763,1988,30.8975830078125,40.566535949707
6,570115,1992,55.4084315299988,72.2154235839844
6,578900,1994,45.1252417564392,25.4253025054932
6,590579,1998,74.8827285766602,70.627067565918
6,619920,2004,73.0420436859131,64.3261642456055
11,220000,1918,48.3282611370087,40.6289405822754
11,214000,1922,50.2169817686081,39.0500526428223
11,233000,1928,39.0500497817993,46.1559410095215
11,239000,1930,45.4347448348999,52.9760360717773
11,250000,1934,46.4413225650787,50.6335334777832
11,253000,1936,55.7903079986572,44.9219284057617
11,269000,1940,51.6663088798523,44.8494873046875
11,279000,1942,45.3767509460449,50.8538360595703
11,299000,1946,44.8494896888733,45.5083351135254
11,312000,1948,51.2881815433502,56.9434089660645
11,341000,1952,45.5083327293396,46.7208862304688
11,368000,1954,56.9434108734131,49.2860221862793
11,433000,1958,46.7208862304688,48.2553825378418
11,446000,1960,49.2860212922096,40.8816566467285
11,516000,1966,40.8816576004028,50.4751396179199
11,548104,1970,40.6345443725586,43.6073265075684
11,572913,1972,50.6879061460495,57.9557228088379
11,590166,1976,43.8968434333801,44.2045440673828
11,594776,1978,58.468768119812,60.1105194091797
11,599148,1982,44.5161285400391,37.9386672973633
11,611565,1984,60.1105194091797,62.6792907714844
11,647622,1988,37.938666343689,42.4832534790039
11,669063,1990,63.4231071472168,60.0400581359863
11,708416,1994,43.3341369628906,55.5218811035156
11,727090,1996,60.9540939331055,58.2199096679688
11,783559,2000,55.9132995605469,67.1261978149414
11,806169,2002,58.7080421447754,64.6865158081055
12,2918000,1916,41.4554224014282,54.8714027404785
12,3043000,1918,46.4456648826599,33.6698951721191
12,3380000,1922,55.4122462272644,41.8404846191406
12,3968000,1928,41.9866399765015,57.9023017883301
12,4084000,1936,55.2814645767212,45.8093719482422
12,4297000,1942,46.3586583137512,47.2978515625
12,4492000,1946,40.8075542449951,43.6188888549805
12,4774000,1948,48.654834985733,48.4682502746582
12,5125000,1952,44.0559239387512,51.3909034729004
12,5360000,1954,49.9048322439194,43.2111396789551
12,5890000,1958,52.2469491958618,61.9106292724609
12,6067000,1960,43.761679649353,36.9843444824219
12,6660000,1964,62.2940855026245,54.0157432556152
12,6851000,1966,38.4820775985718,34.5130767822266
12,7171112,1970,55.9298663139343,60.6605339050293
12,7335042,1972,36.0260200500488,55.3232002258301
12,7339745,1976,61.3053741455078,50.9378776550293
12,7350804,1978,56.0985474586487,64.1586380004883
12,7515473,1984,64.6384124755859,50.4427719116211
12,7712333,1988,54.1833772659302,50.2941017150879
12,7757158,1990,51.520179271698,52.6793403625488
12,7918796,1994,51.6361713409424,50.1129455566406
12,8009624,1996,55.0537509918213,53.8763046264648
12,8552643,2002,54.9643473625183,56.0301170349121
13,9585000,1914,47.5088789463043,32.9027252197266
13,9848000,1916,42.4481406211853,52.5980415344238
13,282000,1920,40.2697820663452,46.4840698242188
13,589000,1922,55.7935981750488,49.0763854980469
13,1257000,1926,52.0440368652344,55.7739067077637
13,1599000,1928,50.5917012691498,55.3401222229004
13,3001000,1932,58.6066246032715,54.4838981628418
13,3512000,1938,54.7829852104187,53.0585899353027
13,3456000,1940,53.3008785247803,47.4190635681152
13,3398000,1946,47.4190638065338,36.1266822814941
13,14830000,1950,52.5338516235352,46.7179298400879
13,15192000,1952,40.45738697052,48.374870300293
13,16112000,1956,46.7179298400879,40.1416091918945
13,16601000,1958,48.812992811203,53.4671859741211
13,17301000,1962,41.3810806274414,32.6774520874023
13,18051000,1968,41.4984254837036,38.2248992919922
13,18241391,1970,48.9177510738373,54.1570663452148
13,18049775,1974,46.452018737793,43.5361328125
13,17940541,1976,54.6359462738037,65.0660171508789
13,17558072,1980,49.3267476558685,38.4229698181152
13,17589738,1982,65.4542922973633,67.0197372436523
13,17833419,1986,42.6978631019592,47.7826766967773
13,17941309,1988,67.9843730926514,55.1983604431152
13,18082032,1992,49.37454611063,54.617244720459
13,18156652,1994,56.864315032959,55.271369934082
13,18159175,1998,55.2675814628601,71.1608657836914
13,18977026,2000,56.132740020752,67.0020599365234
13,19171567,2004,73.4582538604736,66.304443359375
14,8276000,1914,38.6049251556396,27.1884384155273
14,8982000,1922,36.7772626876831,33.9973411560059
14,9802000,1928,34.809534072876,50.7770347595215
14,9764000,1932,46.8576045036316,44.4156112670898
14,9795000,1934,52.1603002548218,51.7880783081055
14,9952000,1938,44.8562769889832,49.9876403808594
14,9896000,1940,52.2125973701477,39.8143768310547
14,9214000,1944,50.3188937902451,47.738712310791
14,9866000,1946,40.278977394104,47.9792175292969
14,10498000,1950,48.220106959343,50.0817642211914
14,10503000,1952,48.2024699449539,48.3831481933594
14,10972000,1956,50.1983478665352,51.0641212463379
14,11058000,1958,48.5864148139954,49.1112403869629
14,11355000,1962,51.1832401752472,45.7950286865234
14,11519000,1964,49.2648065090179,45.3796806335449
14,11741000,1968,46.9497532844543,45.894401550293
14,11800766,1970,46.977037191391,46.7842445373535
14,11870884,1974,46.4460997581482,48.039176940918
14,11897378,1976,47.1964983940125,39.2042922973633
14,11863895,1980,48.7775936126709,42.8692169189453
14,11845146,1982,39.9634943008423,32.4454879760742
14,11782752,1986,43.216588973999,46.3301963806152
14,11980819,1992,48.6136227846146,34.787467956543
14,12042545,1994,48.758880853653,45.5090866088867
14,12002329,1998,36.7228851318359,41.9874420166016
14,12280548,2000,46.5465054512024,58.6365814208984
21,6109000,1914,49.1505354642868,26.8195419311523
21,7215000,1924,35.9158020019531,64.0209884643555
21,7644000,1930,66.6453380584717,56.4720764160156
21,7736000,1932,53.1053259372711,51.3298225402832
21,7866000,1938,51.4975666999817,52.6076240539551
21,8057000,1942,46.5882868766785,55.066593170166
21,7719000,1944,52.7750923633575,45.7570953369141
21,8552000,1948,55.2268996238708,53.572582244873
21,8712000,1950,45.9373354911804,45.7200660705566
21,9252000,1954,53.5726428031921,54.6310081481934
21,9530000,1956,45.8091049194336,47.1260528564453
21,10081000,1960,54.7174215316772,43.8992462158203
21,10280000,1962,47.1261456012726,46.5922546386719
21,10836000,1966,44.4764270782471,37.3456840515137
21,11251948,1972,37.5656185150146,45.4723472595215
21,11262145,1974,62.4647569656372,56.0106048583984
21,11412561,1978,46.0668354034424,50.0730590820312
21,11426518,1980,56.7576632499695,65.1255035400391
21,11412132,1984,50.9308516979218,65.0683975219727
21,11387257,1986,65.6917352676392,53.2685089111328
21,11446979,1990,65.0684013366699,56.0852470397949
21,11635197,1992,55.1056785583496,47.4674186706543
21,11953003,1996,57.7069716453552,60.3342666625977
21,12069774,1998,48.5477521419525,69.9687271118164
21,12525556,2002,61.1570997238159,67.840950012207
22,2897000,1916,49.1850972175598,50.8646202087402
22,2947000,1920,43.291154384613,48.9562225341797
22,3148000,1926,49.4599983096123,55.567813873291
22,3212000,1928,44.4095191955566,51.4576721191406
22,3281000,1932,56.6518602371216,49.8413848876953
22,3319000,1934,51.990287065506,49.129695892334
22,3433000,1940,49.339097738266,43.3630142211914
22,3440000,1944,49.342280626297,46.3510284423828
22,3702000,1946,44.2289934158325,46.81982421875
22,3934000,1950,46.7699856758118,44.3883514404297
22,4148000,1952,47.1883506774902,56.4558219909668
22,4458000,1956,44.590567111969,50.3039970397949
22,4583000,1958,57.0161552429199,54.3343849182129
22,4736000,1962,50.3039941191673,51.6510009765625
22,4856000,1964,54.5014290809631,50.1232376098633
22,5093000,1968,51.7506301403046,50.7290420532227
22,5195392,1970,50.1232385635376,40.4627494812012
22,5361890,1974,52.1435513496399,46.2142066955566
22,5389088,1976,40.8503742218018,45.5844345092773
22,5490224,1980,46.2142050266266,38.5097198486328
22,5467922,1982,45.8756923675537,31.8571453094482
22,5491735,1988,31.8571453094482,30.5006980895996
22,5648649,1992,41.6835565567017,63.7185707092285
22,5745626,1994,31.5743141174316,31.8511161804199
22,5907617,1998,64.462643623352,61.6487808227539
22,6080827,2000,32.6433944702148,0
22,6233007,2004,62.2118234634399,39.9990005493164
23,3353000,1916,41.7575597763062,50.5912857055664
23,4214000,1924,25.1745433807373,20.9058532714844
23,4665000,1928,27.9282054901123,47.0245170593262
23,4798000,1934,47.8502287864685,46.9789428710938
23,4889000,1936,55.7422547340393,47.194206237793
23,5315000,1940,47.1663861274719,31.9958362579346
23,5549000,1942,48.821102142334,48.5102767944336
23,6213000,1948,48.9130705595016,50.7520370483398
23,6650000,1952,49.2035821080208,53.5720405578613
23,7066000,1954,50.9121894836426,51.7310676574707
23,7667000,1958,53.741849899292,64.3818969726562
23,8187000,1964,64.5186452865601,66.8261337280273
23,8512000,1966,43.972897529602,46.2928504943848
23,8881826,1970,66.9727020263672,52.4550933837891
23,9028944,1972,47.0077857971191,52.1385955810547
23,9129205,1976,52.80668592453,57.7354774475098
23,9217761,1978,52.1433756351471,51.7661209106445
23,9115198,1982,58.4410266876221,60.3786125183105
23,9049452,1984,52.3038640022278,57.4792633056641
23,9217998,1988,60.9619121551514,42.7471389770508
23,9310462,1990,58.124566078186,58.3573226928711
23,9584481,1994,45.4358396530151,49.4747543334961
23,9739184,1996,59.2440948486328,60.6085014343262
23,9938823,2000,50.8069097995758,56.9099769592285
23,10015710,2002,61.3615169525146,62.6649627685547
24,5366000,1916,51.5557825565338,47.7213172912598
24,5799000,1920,40.8266382217407,46.5985412597656
24,6054000,1922,48.4107718467712,39.0744590759277
24,6608000,1928,39.1700639724731,59.9483375549316
24,6717000,1932,53.321382522583,46.3613395690918
24,6751000,1934,60.2670307159424,47.6272659301758
24,6837000,1938,46.3613390922546,49.7027359008789
24,6918000,1944,49.7027352452278,42.462085723877
24,7512000,1946,42.665967464447,45.4153938293457
24,8275000,1952,45.4153938293457,52.4609680175781
24,9207000,1956,52.8886556625366,61.5608825683594
24,9599000,1958,52.4609684944153,50.2196502685547
24,9929000,1962,61.5608806610107,48.4662933349609
24,10080000,1964,50.2196505665779,47.4494476318359
24,10657423,1970,48.8826751708984,49.5104446411133
24,10765759,1974,66.9456253051758,68.8000411987305
24,10752662,1976,51.4964371919632,56.6569862365723
24,10797630,1980,70.2752437591553,62.450813293457
24,10757087,1982,57.7600164413452,56.9743232727051
24,10730268,1986,62.4522256851196,50.9896354675293
24,10798552,1988,56.9760546684265,39.2277717590332
24,11007609,1992,54.3400406837463,43.5341110229492
24,11111451,1994,42.8955554962158,35.8538398742676
24,11237752,1998,43.5371966362,36.1440849304199
24,11353336,2000,37.9692735671997,56.164134979248
24,11452251,2004,36.1468152999878,39.4038887023926
25,2562000,1916,36.3003568649292,0
25,2679000,1920,33.973762512207,12.1967363357544
25,2892000,1926,28.5884799957275,56.9783630371094
25,3021000,1932,60.390700340271,24.7440280914307
25,3054000,1934,35.6560621261597,13.2040481567383
25,3098000,1938,38.5443572998047,42.7535133361816
25,3143000,1940,33.8929920196533,37.4094352722168
25,2980000,1944,46.1250007152557,46.192066192627
25,3167000,1946,38.0663204193115,45.5654754638672
25,3435000,1950,46.4274868965149,41.2247619628906
25,3742000,1956,41.3148746490479,52.5598182678223
25,3843000,1958,57.2003483772278,53.2934494018555
25,4049000,1962,52.6780560016632,61.6928558349609
25,4165000,1964,53.3426508903503,70.8340835571289
25,4345000,1968,61.6934614181519,61.7509841918945
25,4417821,1970,71.1785640716553,72.1880111694336
25,4545782,1974,62.9793357849121,48.3388977050781
25,4595904,1976,72.6094398498535,63.6455078125
25,4705767,1980,49.073950946331,47.3958549499512
25,4728870,1982,64.7560386657715,52.0537872314453
25,4755618,1986,48.2601493597031,52.5701332092285
25,4822388,1988,52.2642149925232,58.2936706542969
25,5004636,1992,53.2801389694214,50.5475234985352
25,5095504,1994,58.8039112091064,61.5427894592285
25,5222124,1998,51.0729835033417,55.3504829406738
25,5363757,2000,62.2534189224243,67.3065567016602
25,5514026,2004,55.6193709373474,47.0199165344238
31,2338000,1914,45.4833970069885,37.423152923584
31,2432000,1926,43.3990001678467,54.855655670166
31,2475000,1930,43.3737292289734,50.4843482971191
31,2509000,1936,51.680456161499,41.7053184509277
31,2494000,1938,50.16860216856,48.3733444213867
31,2439000,1942,41.8665218353271,57.7987861633301
31,2301000,1944,48.5448732376099,44.7007255554199
31,2543000,1948,58.1190538406372,47.5257720947266
31,2621000,1950,44.9420690536499,46.0826950073242
31,2626000,1954,47.6575925350189,48.0872383117676
31,2703000,1956,46.0826947689056,46.6111183166504
31,2758000,1960,48.0872392654419,37.7977294921875
31,2750000,1962,46.6111183166504,50.2483177185059
31,2762000,1966,38.4416389465332,55.0667991638184
31,2803000,1968,50.2803534269333,52.0421867370605
31,2860287,1972,55.4894194602966,47.9068794250488
31,2867530,1974,52.3832545280457,45.5387229919434
31,2918069,1978,48.391325712204,55.4562568664551
31,2913808,1980,46.0271596908569,33.5746536254883
31,2858618,1984,55.8985857963562,54.472713470459
31,2791970,1986,33.7695484161377,27.2002048492432
31,2779769,1990,54.5280532836914,51.8086624145508
31,2806923,1992,28.7929382324219,30.4933929443359
31,2848473,1996,52.5472311973572,54.1776466369629
31,2861025,1998,31.0408096313477,27.8770408630371
31,2934234,2002,55.1993236541748,62.6557846069336
31,2953635,2004,28.846736907959,33.3033180236816
32,1662000,1914,49.6174067258835,33.3591651916504
32,1729000,1918,35.0186605453491,25.2235450744629
32,1769000,1920,34.6722555160522,34.7398719787598
32,1807000,1924,27.5634307861328,38.9069061279297
32,1883000,1930,38.9069032669067,48.4135322570801
32,1883000,1932,51.8172353506088,43.7797203063965
32,1869000,1936,48.7070530653,40.3002662658691
32,1842000,1938,43.786349773407,40.6534652709961
32,1760000,1942,41.5933952331543,42.7152137756348
32,1892000,1948,43.8978180885315,41.8363494873047
32,1905000,1950,44.7896494865417,40.4637222290039
32,2042000,1954,42.754056930542,43.7653045654297
32,2119000,1956,41.2827758789062,35.9399719238281
32,2231000,1962,36.7517251968384,38.6632232666016
32,2200000,1966,46.5104386806488,22.0203094482422
32,2216000,1968,39.2911863327026,49.148323059082
32,2256375,1972,24.6728172302246,42.4125862121582
32,2269499,1974,49.1483256220818,36.2392501831055
32,2335657,1978,44.2743377685547,21.2358627319336
32,2363679,1980,36.2392530441284,29.9507255554199
32,2424086,1984,22.6235504150391,26.3951206207275
32,2432619,1986,29.9507255554199,31.028980255127
32,2480683,1990,26.3951225280762,34.4369468688965
32,2598266,1996,36.2065467834473,0
32,2638667,1998,33.1608333587646,27.4872417449951
32,2734373,2004,29.1622314453125,26.378547668457
33,2308000,1916,41.1291570663452,17.8950214385986
33,2451000,1922,35.3981227874756,0
33,2521000,1924,29.645824432373,36.1270217895508
33,2592000,1928,16.8539657592773,29.1995582580566
33,2695000,1934,39.1099872589111,20.5570602416992
33,2790000,1940,33.7801208496094,39.7755432128906
33,2662000,1942,31.7168407440186,59.9296760559082
33,2734000,1946,40.4262523651123,42.5257987976074
33,2868000,1948,60.1332082748413,56.3845520019531
33,3030000,1952,42.9495692253113,52.9025955200195
33,3113000,1954,57.136999130249,57.5315933227539
33,3313000,1958,53.1375036239624,60.3370666503906
33,3558000,1964,60.5412664413452,57.7524719238281
33,3617000,1966,54.3640747070312,56.6702079772949
33,3806103,1970,58.0677375793457,67.5050354003906
33,4015341,1978,40.3894205093384,41.2818984985352
33,4131450,1982,46.5679957866669,40.9208717346191
33,4157706,1984,41.5997524261475,50.4411697387695
33,4296166,1988,40.9208717346191,44.0999069213867
33,4387283,1990,50.4411682486534,50.3189086914062
33,4566028,1994,47.5240693092346,48.8341903686523
33,4919631,2000,52.7707769870758,58.0563468933105
33,5018935,2002,48.9033490419388,42.3633117675781
34,3527000,1916,51.5607044696808,51.3610420227051
34,3437000,1922,51.7794579267502,47.8812713623047
34,3601000,1928,47.9835152626038,59.544921875
34,3746000,1932,63.6624488830566,60.690616607666
34,3784000,1934,59.9160594940186,51.1691513061523
34,3781000,1938,60.7708473205566,49.8929595947266
34,3560000,1944,49.9422267079353,53.5882606506348
34,3746000,1946,47.191600561142,53.9865379333496
34,3955000,1950,53.6179556846619,56.4100494384766
34,3972000,1952,54.0242209434509,66.450553894043
34,4186000,1958,66.450553894043,66.5528564453125
34,4357000,1962,54.5652761459351,51.0197448730469
34,4442000,1964,66.5528526306152,51.0495262145996
34,4568000,1968,51.0197460651398,60.0695266723633
34,4677623,1970,51.4614701271057,42.4961090087891
34,4795930,1974,60.3950176239014,52.0017509460449
34,4839029,1976,42.7787485122681,49.1492500305176
34,4916686,1980,52.1639928817749,47.357421875
34,4929451,1982,49.1497695446014,31.7501659393311
34,5023068,1986,47.3605036735535,44.9258918762207
34,5081736,1988,32.0245952606201,35.6989059448242
34,5193686,1992,46.5193243026733,43.7711219787598
34,5281206,1994,37.9880533218384,50.4665908813477
34,5437562,1998,45.5475673675537,42.7970809936523
34,5747741,2004,43.3522806167603,39.156681060791
35,1275000,1916,52.0473628044128,38.2430839538574
35,1266000,1918,45.4854860305786,37.5832366943359
35,1312000,1922,40.7032909393311,38.720874786377
35,1333000,1924,37.5832376480103,39.7415351867676
35,1380000,1930,41.4531383514404,18.359935760498
35,1382000,1934,56.2127261161804,41.4914970397949
35,1358000,1936,37.2698678970337,22.0330963134766
35,1316000,1940,42.2438950538635,29.1809310913086
35,1239000,1942,36.526517868042,43.2977676391602
35,1256000,1946,29.1809310913086,27.8274440765381
35,1340000,1954,38.929027557373,41.0696907043457
35,1383000,1958,44.3606419563293,38.6234664916992
35,1411000,1960,41.0696878433228,38.8273506164551
35,1482000,1964,38.6255960464478,47.4285659790039
35,1456000,1966,38.8273496627808,46.7694969177246
35,1485333,1970,47.4711627960205,52.8905639648438
35,1519013,1972,46.8413426876068,67.6168365478516
35,1550911,1976,52.9091880321503,66.5906753540039
35,1563884,1978,67.6457633972168,51.9358444213867
35,1588639,1984,51.9596085548401,58.9024047851562
35,1571477,1988,57.5215620994568,54.7814674377441
35,1580664,1990,58.9896383285522,41.6531600952148
35,1621551,1994,54.8885107040405,51.0002250671387
35,1647657,1996,42.7577867507935,14.6371335983276
35,1711230,2000,51.0926649570465,63.8827934265137
35,1728292,2002,15.9374847412109,40.0569839477539
36,620000,1914,39.0665454864502,0
36,652000,1916,42.1968026161194,47.7169494628906
36,647000,1922,47.7169513702393,19.3464546203613
36,651000,1926,17.9641647338867,27.4471130371094
36,665000,1928,19.8560600280762,40.2442932128906
36,676000,1932,27.560754776001,7.31271743774414
36,672000,1934,41.000244140625,26.447078704834
36,647000,1938,28.5940399169922,45.1958465576172
36,640000,1940,44.168897151947,23.1996231079102
36,570000,1946,34.9312515258789,23.2555294036865
36,620000,1950,32.4059009552002,36.008617401123
36,608000,1952,28.4533271789551,41.4845962524414
36,613000,1956,36.2004976272583,39.3461990356445
36,637000,1962,39.3461961746216,33.7043724060059
36,649000,1964,57.6431274414062,61.2675361633301
36,621000,1968,34.5370244979858,48.3452911376953
36,617792,1970,61.7332401275635,62.0966415405273
36,634559,1974,49.9605357646942,28.9562664031982
36,645797,1976,62.7721128463745,62.817138671875
36,652717,1980,29.3350200653076,49.8038063049316
36,668972,1982,64.3960151672363,59.4456558227539
36,635427,1992,60.0647449493408,63.1553535461426
36,639762,1994,57.9829812049866,61.3725433349609
36,637808,1998,63.9985370635986,68.2799301147461
36,642237,2000,61.3725442886353,68.8263244628906
36,644705,2004,68.2799263000488,22.1743469238281
37,581000,1914,51.7276182174683,19.9984798431396
37,570000,1918,41.9391613006592,31.1560211181641
37,640000,1920,34.9510517120361,33.2776145935059
37,673000,1924,43.5141472816467,51.6322479248047
37,683000,1926,36.8787336349487,44.5709190368652
37,693000,1930,51.6322493553162,48.8322410583496
37,666000,1936,51.0435283184052,41.2581405639648
37,649000,1938,47.5437417030334,36.1398506164551
37,565000,1944,36.1398477554321,36.0802345275879
37,612000,1948,40.6653957366943,42.7046165466309
37,653000,1950,36.0802354812622,49.2051544189453
37,655000,1954,42.7046179771423,47.5576362609863
37,681000,1960,47.5576386451721,33.7163124084473
37,705000,1962,50.1173734664917,56.7896347045898
37,683000,1966,33.7163105010986,57.0434036254883
37,669000,1968,56.789635181427,53.0431976318359
37,677234,1972,57.0434036254883,33.1640586853027
37,679585,1974,53.0432000160217,39.3974533081055
37,688580,1978,33.1640586853027,25.5095596313477
37,690768,1980,40.5984516143799,51.6029472351074
37,697249,1984,25.5095596313477,45.0725173950195
37,696034,1986,51.6029477119446,64.9023208618164
37,696667,1990,46.340395450592,51.3219375610352
37,708698,1992,66.1978511810303,62.1431350708008
37,730699,1996,51.321934223175,49.6228256225586
37,730789,1998,62.8672571182251,49.4238090515137
37,760020,2002,50.0776275992393,62.4916915893555
37,770396,2004,49.4238078594208,0
40,2412000,1922,72.6928863525391,99.7743148803711
40,2426000,1924,74.472089767456,76.6632919311523
40,2427000,1930,76.6632919311523,91.6944808959961
40,2485000,1934,77.5212440490723,93.323486328125
40,3212000,1946,67.195520401001,73.3514709472656
40,3207000,1948,67.3763694763184,79.8812484741211
40,3504000,1952,73.3514747619629,69.3167114257812
40,3555000,1954,79.8812446594238,81.2705078125
40,3914000,1958,69.3167114257812,63.7962341308594
40,4456000,1966,62.547981262207,46.1203002929688
40,4651448,1970,38.8250322341919,38.267032623291
40,4824472,1972,47.3366870880127,49.785888671875
40,5121863,1976,38.2670297622681,48.8010902404785
40,5270240,1978,49.8068749904633,29.9450016021729
40,5492783,1982,48.8085792064667,71.2498474121094
40,5643870,1984,29.9487609863281,0
40,6036909,1988,71.2778606414795,45.6084022521973
40,6536771,1994,51.3648599386215,47.6802635192871
40,6665491,1996,47.4569737911224,0
40,7079057,2000,47.7124140262604,49.5943145751953
41,2336000,1914,81.4717807769775,67.9808883666992
41,2359000,1920,68.4141120910645,80.8726272583008
41,2501000,1924,75.1797790527344,59.7139778137207
41,2567000,1926,80.8726253509521,86.246711730957
41,2647000,1930,59.7139778137207,87.0271987915039
41,2802000,1944,82.4160766601562,76.5399856567383
41,2969000,1948,83.9995460510254,82.4743423461914
41,3062000,1950,76.5399875640869,100
41,3014000,1954,82.4745025634766,70.2417144775391
41,3267000,1960,70.2432479858398,60.0714149475098
41,3323000,1962,50.8566319942474,69.9872894287109
41,3464000,1966,60.5356531143188,62.2673034667969
41,3446000,1968,73.9699249267578,95.8437957763672
41,3539400,1972,64.602240562439,93.9947280883789
41,3893888,1980,48.4504818916321,50.2815017700195
41,3951820,1984,63.2007732391357,60.5671539306641
41,3991569,1986,50.2815008163452,64.8704376220703
41,4048508,1990,60.5734796524048,45.461799621582
41,4290403,1996,46.5057520866394,39.8277053833008
41,4351037,1998,36.7247667312622,32.3543586730957
41,4480089,2002,40.6253252029419,36.5204467773438
41,4530729,2004,32.4046001434326,34.7101554870605
42,1756000,1920,65.9399452209473,82.75537109375
42,1800000,1924,73.5352687835693,100
42,1704000,1956,82.983024597168,68.6739349365234
42,1853000,1962,68.6739330291748,59.1452827453613
42,1902000,1968,59.145281791687,84.8962020874023
42,2101403,1974,84.8962020874023,59.0872764587402
42,2243127,1978,80.1771793365479,57.3477439880371
42,2286435,1980,59.1077404022217,62.2760696411133
42,2319768,1984,57.3477449417114,99.8332138061523
42,2331984,1986,62.2798118591309,60.1771965026855
42,2394098,1992,60.1771945953369,55.0747566223145
42,2504858,1996,47.2995803356171,53.8965301513672
42,2538202,1998,56.4232320785522,55.897777557373
42,2705927,2002,53.8965284824371,79.5329666137695
42,2749686,2004,55.9141354560852,36.9451141357422
43,962000,1920,76.6591644287109,77.8641967773438
43,1368000,1926,82.5410232543945,99.7762222290039
43,1433000,1928,68.5303249359131,100
43,1771000,1938,82.4454727172852,71.2793273925781
43,2420000,1944,71.2793273925781,76.2350616455078
43,2771000,1950,76.2784423828125,100
43,4630000,1958,71.2294940948486,63.9339447021484
43,5458000,1962,70.0303020477295,44.0996551513672
43,5781000,1964,63.9512491226196,53.8647422790527
43,6433000,1968,44.0996541976929,43.3776245117188
43,6791418,1970,53.8684115409851,62.9745063781738
43,8298762,1974,51.2317702770233,48.3388748168945
43,8667379,1976,62.9767818450928,61.7289428710938
43,9746324,1980,48.3411266803741,54.7389259338379
43,10471407,1982,61.7289428710938,49.5685691833496
43,11667505,1986,54.7400488853455,65.4045791625977
43,12306395,1988,49.5757579803467,29.477840423584
43,13504775,1992,65.4067974090576,62.4693794250488
43,13961798,1994,29.4904804229736,51.0436134338379
43,14908230,1998,62.4693794250488,48.3210258483887
43,15982571,2000,52.4257481098175,60.3009834289551
44,2776000,1914,68.3788528442383,94.8983459472656
44,4482000,1968,77.51149559021,71.7365951538086
44,4809490,1972,53.9734766483307,83.1338882446289
44,4999419,1974,71.7544937133789,49.1282920837402
44,5295751,1978,83.1338882446289,79.9443283081055
44,5463105,1980,49.1282925009727,50.9170188903809
44,5834954,1984,79.9443302154541,100
44,6084666,1986,50.9170174598694,49.3525848388672
44,6759474,1992,49.3525862693787,45.150749206543
44,7332225,1996,50.6644740700722,45.9044914245605
44,8508256,2002,46.5690507888794,42.560417175293
44,8769252,2004,41.0506782531738,38.9986457824707
45,3257000,1960,79.7577495574951,100
45,3345000,1962,75.5712203979492,100
45,3761646,1972,64.7439775466919,100
45,4205900,1980,58.4580135345459,52.8204689025879
45,4406919,1986,52.8204679489136,73.071647644043
45,4219179,1990,55.2112894058228,50.170223236084
45,4270849,1992,77.2224731445312,64.0243911743164
45,4338763,1996,50.170224905014,51.7004852294922
45,4362758,1998,66.1936321258545,29.3362312316895
45,4497267,2002,51.7004833221436,52.1096458435059
45,4552238,2004,39.1544399261475,37.6738548278809
46,2245000,1966,69.3384208679199,58.0881652832031
46,2307117,1972,59.7037391662598,31.7593040466309
46,2487816,1978,43.3524398803711,39.0580101013184
46,2556777,1982,64.198808670044,46.089599609375
46,2578051,1984,39.058012008667,0
46,2580352,1988,46.0896000862122,31.2048492431641
46,2663450,1994,31.2048492431641,31.5940132141113
46,2709925,1996,28.1766471862793,0
46,2844754,2000,32.8570594787598,34.8653907775879
47,2421000,1914,58.1968050003052,57.5170402526855
47,2522000,1918,60.4988498687744,61.5509033203125
47,2588000,1920,57.5170383453369,60.5082588195801
47,2830000,1924,61.5509014129639,60.6093940734863
47,3167000,1930,60.609395980835,70.7685928344727
47,3227000,1932,68.2564792633057,63.8289947509766
47,3346000,1936,70.7685966491699,65.9131240844727
47,3440000,1938,63.8289928436279,70.2524185180664
47,3560000,1944,70.2524185180664,68.6647415161133
47,4309000,1956,66.5575504302979,60.4460411071777
47,4556000,1960,61.4425239562988,55.5933723449707
47,4707000,1962,60.446042060852,60.5567207336426
47,4896000,1966,55.5953683853149,45.9948463439941
47,5004000,1968,60.5567216873169,62.1124572753906
47,5301150,1972,45.9948482513428,45.4883460998535
47,5470911,1974,62.5522003173828,49.3781089782715
47,5759492,1978,45.4883456230164,47.8098983764648
47,6164006,1984,48.0732917785645,47.4284934997559
47,6321578,1986,51.7593457698822,46.317512512207
47,6656987,1990,47.4449455738068,45.9180603027344
47,6831850,1992,47.9852318763733,51.1512870788574
47,7307658,1996,46.6367900371552,44.9550247192383
47,7545828,1998,52.0697846412659,47.0186767578125
47,8326201,2002,45.6957206726074,52.6527824401855
47,8553152,2004,47.7114171981812,43.0466156005859
48,2229000,1956,82.2276725769043,57.1609497070312
48,2520000,1966,37.8118619918823,36.6885108947754
48,2559000,1968,61.8923816680908,69.5019683837891
48,2719197,1972,36.7016019821167,44.420970916748
48,2844749,1974,70.441276550293,70.3680648803711
48,3044364,1978,44.4209694862366,31.8073215484619
48,3121820,1980,70.3680629730225,63.0720748901367
48,3271868,1984,32.4980583190918,32.5172233581543
48,3342758,1986,63.7207317352295,50.0687065124512
48,3499064,1990,34.1537952423096,43.9954643249512
48,3600576,1992,51.5610740184784,52.6776847839355
48,3738974,1996,45.3112363815308,44.1869430541992
48,3839578,1998,53.4940705299377,44.1005973815918
48,4107795,2002,44.8931875228882,42.2468681335449
48,4210921,2004,45.2172236442566,27.6463184356689
49,4444000,1916,84.1032180786133,66.6327209472656
49,4955000,1922,66.632719039917,81.2117080688477
49,5675000,1928,81.2693748474121,96.6822052001953
49,7626000,1948,66.6352138519287,84.7352981567383
49,8382000,1954,84.9729347229004,57.9742202758789
49,9252000,1958,75.4789562225342,56.2226943969727
49,10270000,1964,56.329478263855,53.494270324707
49,10492000,1966,43.348219871521,44.2890434265137
49,11198655,1970,53.5347774028778,56.7801475524902
49,11759148,1972,45.4466776847839,49.2596435546875
49,12904089,1976,57.2729840278625,58.5941543579102
49,13500429,1978,49.7356370091438,41.4468040466309
49,15331415,1982,59.0468835830688,59.1667785644531
49,16007086,1984,41.4493741989136,37.4130630493164
49,17044714,1990,38.5879774093628,43.9403343200684
49,18338319,1994,38.7311162948608,32.3470993041992
49,19006240,1996,44.5824489593506,43.3263816833496
49,20851028,2000,33.6554889678955,36.0445785522461
49,21690325,2002,44.0132513046265,42.8378753662109
51,2395000,1914,54.5975790023804,49.7242851257324
51,2425000,1918,50.7693111896515,48.4437522888184
51,2421000,1920,49.7242853045464,51.8368911743164
51,2545000,1926,51.836888551712,59.1459197998047
51,2623000,1930,52.133983373642,58.7990989685059
51,2676000,1932,59.3151865005493,62.0276145935059
51,2800000,1938,62.0276165008545,54.8120422363281
51,2945000,1950,54.5276136398315,49.6533164978027
51,2898000,1956,49.6533155441284,47.243709564209
51,3038000,1960,40.8213319778442,35.4826850891113
51,3147000,1966,35.48268699646,50.9268569946289
51,3195000,1968,48.1280460357666,53.540111541748
51,3335728,1972,51.6482458114624,60.977424621582
51,3416315,1974,54.7201452255249,65.1249008178711
51,3609976,1978,62.0562162399292,49.491382598877
51,3660777,1980,65.1248989105225,74.3820877075195
51,3695453,1984,49.7891619801521,47.8134498596191
51,3687809,1986,74.3950061798096,62.8833427429199
51,3692584,1990,47.8134512901306,42.8456230163574
51,3756358,1992,63.5357780456543,49.1569862365723
51,3881051,1996,43.6963958740234,35.3197364807129
51,3934310,1998,49.704647064209,49.3431777954102
51,4089875,2002,35.3268966674805,47.0343780517578
51,4146101,2004,49.3431761860847,44.220947265625
52,1389000,1914,53.5487399101257,43.250316619873
52,1415000,1916,49.1490930318832,52.6116714477539
52,1464000,1920,47.9807569980621,57.6321907043457
52,1509000,1922,53.492146730423,45.2355880737305
52,1576000,1926,58.1717624664307,66.2175979614258
52,1610000,1928,45.5937666893005,56.096851348877
52,1678000,1932,67.5055522918701,68.2758178710938
52,1710000,1934,57.0722045898438,65.9096145629883
52,1766000,1938,69.4932346343994,61.7311058044434
52,1839000,1940,65.9096126556396,50.1762275695801
52,2118000,1944,61.731104850769,45.9996032714844
52,2214000,1946,50.1762256026268,47.4624290466309
52,2343000,1950,46.4985370635986,46.9764099121094
52,2500000,1952,47.4624290466309,49.0156669616699
52,2811000,1956,46.9764068126678,62.0328559875488
52,2982000,1958,49.0156695246696,62.7768936157227
52,3263000,1962,62.0329265594482,39.1070327758789
52,3492000,1964,62.7772178649902,48.1426658630371
52,3815000,1968,45.6547737121582,42.6713333129883
52,3923897,1970,48.7171292304993,56.5521583557129
52,4118815,1974,42.6713347434998,33.8326797485352
52,4150539,1976,58.8502063751221,63.4576454162598
52,4216975,1980,33.8326759338379,60.6869087219238
52,4282923,1982,63.4576435089111,61.7888565063477
52,4486957,1986,60.686954498291,70.9988098144531
52,4657904,1988,61.8000507354736,59.0988693237305
52,4902545,1992,71.0106754302979,70.5039749145508
52,4985411,1994,59.1014623641968,63.178092956543
52,5130072,1998,70.5039730072021,64.7685089111328
52,5296647,2000,63.2219314575195,54.2055969238281
52,5546935,2004,65.531192779541,62.1929817199707
53,1824000,1914,59.2674551010132,44.5878028869629
53,1969000,1918,57.3515682220459,35.4100151062012
53,2055000,1920,47.0036029815674,54.7750473022461
53,2179000,1924,36.9196434020996,52.2909088134766
53,2256000,1926,55.0510153770447,65.608528137207
53,2401000,1930,52.3759379386902,67.9696044921875
53,2394000,1932,65.9564838409424,65.3700332641602
53,2365000,1936,68.2115058898926,44.7552795410156
53,2324000,1938,65.7304925918579,55.6455497741699
53,2215000,1942,44.963276386261,62.2985916137695
53,2043000,1944,55.8107705116272,54.8107757568359
53,2089000,1948,62.4472637176514,55.8433303833008
53,2233000,1950,54.8107743263245,55.3450508117676
53,2209000,1954,56.0916142463684,54.8443870544434
53,2273000,1956,55.3450541496277,53.2395973205566
53,2427000,1962,53.4544274806976,46.1609535217285
53,2454000,1966,53.7238836288452,47.5762786865234
53,2503000,1968,47.2246766090393,48.895881652832
53,2658646,1972,48.0738162994385,65.4880752563477
53,2734768,1974,49.7578337788582,43.5478134155273
53,2917336,1978,66.3136501312256,75.6409606933594
53,3025290,1980,45.0391693115234,44.7851905822754
53,3285533,1984,76.1070899963379,83.1753158569336
53,3252735,1986,44.7851896286011,38.1907615661621
53,3147105,1990,83.1753120422363,40.0762367248535
53,3204174,1992,39.8207139968872,31.2776470184326
53,3289634,1996,41.6980953216553,36.3099250793457
53,3339478,1998,32.4485607147217,41.2448883056641
53,3489080,2002,39.5038795471191,39.1838836669922
53,3525233,2004,44.2397804260254,26.1331882476807
54,2304000,1916,54.8365058898926,68.0323486328125
54,2288000,1918,62.174482345581,57.3102874755859
54,2424000,1922,68.0323467254639,59.3233451843262
54,2624000,1928,59.3233470916748,63.394905090332
54,2784000,1934,63.7911405563354,70.8040924072266
54,2935000,1940,70.8081684112549,66.5968627929688
54,2939000,1942,73.6823139190674,65.3250198364258
54,3074000,1946,70.2132968902588,74.1863327026367
54,3216000,1948,65.9389791488647,69.9597320556641
54,3352000,1952,76.6555271148682,79.0019607543945
54,3359000,1954,69.9597301483154,71.7497100830078
54,3471000,1958,79.994197845459,53.6214599609375
54,3771000,1964,53.621506690979,47.3872909545898
54,3822000,1966,44.2777142524719,37.8458099365234
54,3926018,1970,48.0498909950256,52.455020904541
54,4094611,1972,38.1488914489746,40.2930603027344
54,4346928,1976,52.7215957641602,61.9242973327637
54,4486314,1978,42.3768134117126,60.7140846252441
54,4646041,1982,61.9254875183105,65.0889129638672
54,4686737,1984,63.4579401016235,67.7233200073242
54,4822437,1988,65.2831106185913,42.094554901123
54,5163016,1994,42.8714113235474,32.2071876525879
54,5313576,1996,37.7262668609619,44.3427696228027
54,5689427,2000,33.5557479858398,47.9892272949219
54,5795918,2002,45.0340075492859,31.6440143585205
56,1414000,1916,49.0166991949081,51.1461067199707
56,1438000,1918,45.9341421127319,47.7222900390625
56,1498000,1922,51.7756193876266,49.1820259094238
56,1577000,1924,48.4027236700058,61.9080009460449
56,1696000,1928,49.2531806230545,55.136775970459
56,1733000,1930,62.0248680114746,59.0846481323242
56,1771000,1934,55.3678779602051,56.326042175293
56,1907000,1940,56.3260450363159,50.325553894043
56,1831000,1942,44.635139465332,56.9918632507324
56,1826000,1946,50.3255546092987,53.6200637817383
56,1899000,1948,56.9918632507324,54.8200073242188
56,1845000,1958,59.1928882598877,67.6683502197266
56,1860000,1960,55.3374900817871,59.5104827880859
56,1797000,1964,67.6683483123779,77.6362533569336
56,1775000,1966,59.5104808807373,66.4502258300781
56,1744237,1970,77.6362533569336,100
56,1797648,1972,66.4502258300781,50.4780578613281
56,1923395,1978,50.4780575633049,51.8176078796387
56,1949604,1982,68.8620834350586,64.767936706543
56,1927697,1984,52.046003818512,68.3231735229492
56,1830215,1988,64.7679376602173,69.0116729736328
56,1792481,1990,68.3231716156006,76.6479644775391
56,1818490,1994,69.0116786956787,77.7519302368164
56,1818983,1996,76.6479606628418,63.1113510131836
56,1808193,2000,78.7981147766113,64.424072265625
56,1805414,2002,63.1113548278809,63.7270278930664
61,253000,1914,62.7096967697144,44.8326187133789
61,282000,1916,57.9868450164795,65.0327453613281
61,340000,1920,44.8326215744019,58.3376960754395
61,360000,1922,65.0327444076538,54.2474403381348
61,403000,1926,58.3376941680908,66.6678619384766
61,422000,1928,54.2474389076233,72.0272598266602
61,426000,1932,67.3030490875244,76.5218505859375
61,428000,1934,73.196870803833,71.6110076904297
61,466000,1938,76.5218505859375,69.3678665161133
61,499000,1940,71.8152694702148,69.1807403564453
61,610000,1944,69.3678684234619,62.804443359375
61,616000,1946,69.5257186889648,48.6936721801758
61,750000,1950,62.8044424057007,61.386531829834
61,842000,1952,48.6936733722687,43.9441070556641
61,1053000,1956,61.3865299224854,54.9404983520508
61,1193000,1958,43.9441041946411,48.5729141235352
61,1471000,1962,54.9404993057251,42.7836532592773
61,1556000,1964,48.5729157924652,44.0200462341309
61,1682000,1968,42.7836537361145,41.7376022338867
61,1775399,1970,44.0200490951538,54.0108757019043
61,2223196,1974,41.7376022338867,48.3817901611328
61,2346157,1976,55.3357348442078,56.9109725952148
61,2718215,1980,49.4624465703964,39.5128860473633
61,2889861,1982,58.3038749694824,56.7093925476074
61,3308262,1986,39.5190286636353,31.5705413818359
61,3535183,1988,57.8289761543274,39.5430068969727
61,3867333,1992,37.8776550292969,27.161693572998
61,4147561,1994,42.9186553955078,0
61,4667277,1998,29.2084636688232,20.6204700469971
61,5652404,2004,21.9407176971436,34.6512451171875
62,846000,1914,50.6534025073051,39.3071022033691
62,906000,1918,49.2238566279411,43.8949127197266
62,1014000,1924,46.8510448932648,55.8489570617676
62,1040000,1930,56.5986127853394,63.4503707885742
62,1066000,1932,53.2081723213196,58.2422676086426
62,1090000,1936,64.1013536453247,50.2341804504395
62,1113000,1942,50.5238845944405,66.7918014526367
62,1137000,1944,43.5866160392761,46.7466049194336
62,1263000,1948,67.2165050506592,48.6765480041504
62,1325000,1950,46.7466056346893,50.2174301147461
62,1493000,1954,48.6765458583832,46.0196304321289
62,1625000,1956,50.2174332737923,45.5764503479004
62,1754000,1960,46.2498948574066,41.9317092895508
62,1899000,1962,46.0005328655243,41.4473686218262
62,2007000,1966,41.957857131958,49.4059448242188
62,2120000,1968,41.4473695755005,57.2325210571289
62,2404619,1972,50.5176588892937,40.3158149719238
62,2541406,1974,58.868540763855,50.3349952697754
62,2766748,1978,40.822865486145,34.6219673156738
62,2889964,1980,50.81856995821,49.9158554077148
62,3169992,1984,35.186803817749,41.6557159423828
62,3237450,1986,50.7757723331451,51.7767601013184
62,3303862,1990,42.9895443916321,46.1074371337891
62,3812716,1996,47.5257053375244,45.7692413330078
62,3968967,1998,36.2640752792358,51.300609588623
62,4490406,2002,47.7805659770966,52.7959289550781
63,405000,1918,32.7868499755859,20.0630569458008
63,433000,1920,45.9173798561096,24.9922103881836
63,434000,1924,20.2836036682129,27.5835247039795
63,447000,1930,27.5835227966309,36.6417770385742
63,459000,1932,56.6996855735779,54.6600227355957
63,513000,1938,54.891420841217,51.1273727416992
63,529000,1944,51.1273741722107,38.3185119628906
63,589000,1950,38.3185129165649,56.2007141113281
63,600000,1954,37.1625556945801,47.7404670715332
63,628000,1956,58.7290601730347,54.7390518188477
63,692000,1962,54.7390518188477,60.262752532959
63,689000,1966,44.6164889335632,45.5142402648926
63,695000,1968,60.2627515792847,56.0717353820801
63,763237,1972,46.6261520385742,31.6120452880859
63,807990,1974,56.9670495986938,48.7752685546875
63,910690,1978,31.6120452880859,25.9968795776367
63,943935,1980,49.5152935385704,48.4435539245605
63,990839,1984,26.9058628082275,38.7087898254395
63,990224,1986,48.4435544013977,43.4763336181641
63,1011882,1990,38.7087879180908,39.9052352905273
63,1066490,1992,43.4763355255127,28.3930149078369
63,1187706,1996,41.4416389465332,32.5485153198242
63,1230923,1998,29.4286499023438,0
63,1340372,2002,33.6933116912842,34.1051216125488
64,487000,1916,53.8274765014648,55.400276184082
64,501000,1918,52.6382982730865,52.7951431274414
64,543000,1922,55.8854727745056,53.2000617980957
64,538000,1924,55.2029237747192,60.327766418457
64,541000,1928,53.2000601291656,70.1398696899414
64,545000,1934,70.7006969451904,73.4347381591797
64,554000,1936,63.9371547698975,49.071044921875
64,558000,1940,73.4347343444824,45.3785018920898
64,518000,1942,50.3553956747055,56.647647857666
64,514000,1946,45.9528460502625,50.7474365234375
64,542000,1948,56.9535255432129,50.3798561096191
64,602000,1952,51.0958955287933,76.2191543579102
64,624000,1954,50.3798559308052,50.7320709228516
64,666000,1958,76.2191543579102,64.513053894043
64,675000,1960,50.7320716977119,53.1687850952148
64,706000,1964,64.5130529403687,60.5400428771973
64,707000,1966,53.168785572052,51.9517364501953
64,694409,1970,60.5400447845459,64.1577911376953
64,757317,1976,64.1577882766724,54.4633140563965
64,782317,1978,55.6893405914307,56.8907203674316
64,803986,1982,56.3962740898132,48.1333541870117
64,820905,1984,58.0964269638062,68.1298065185547
64,800202,1988,48.1333539485931,37.6260299682617
64,799824,1990,69.3725414276123,49.5558166503906
64,854923,1994,37.6291704177856,47.2374954223633
64,876656,1996,52.4324522018433,62.7350044250488
64,902200,2000,48.3415975570679,49.1617546081543
64,911667,2002,65.5023784637451,72.9159774780273
65,82000,1916,53.2639100551605,62.824893951416
65,78000,1920,47.907172203064,42.4790382385254
65,81000,1922,62.8248929977417,59.2638740539551
65,87000,1926,43.3479490280151,52.0581970214844
65,89000,1928,59.2638711929321,64.5094146728516
65,96000,1932,52.0581946372986,58.9579238891602
65,105000,1938,58.9579219818115,58.3751487731934
65,153000,1944,58.3751497268677,58.011402130127
65,143000,1946,44.7888956069946,48.3216171264648
65,181000,1952,48.3216166496277,57.6764640808105
65,250000,1956,52.5755002498627,65.2759475708008
65,269000,1958,57.6764659881592,50.0178260803223
65,352000,1962,65.2759494781494,54.765869140625
65,426000,1964,50.0178277492523,57.6491546630859
65,488738,1970,58.2389297485352,63.023567199707
65,596822,1974,49.8159006237984,37.2987365722656
65,646975,1976,65.7995853424072,47.7216567993164
65,800493,1980,39.3398065567017,49.9958000183105
65,881537,1982,48.8233909606934,50.2069244384766
65,980613,1986,52.7390704154968,51.049934387207
65,1075022,1988,52.0323247909546,50.9300155639648
65,1330694,1992,55.4182710647583,47.8785667419434
65,1456388,1994,54.964653968811,39.6934585571289
65,1743772,1998,50.0491067767143,61.0819091796875
65,1998250,2000,42.3009557723999,40.9899559020996
65,2346222,2004,62.9720602035522,50.2887420654297
66,354000,1916,52.634850025177,55.171573638916
66,390000,1924,51.215653181076,58.6227607727051
66,416000,1928,42.3055081367493,49.3500671386719
66,489000,1936,61.7245931625366,59.1570510864258
66,531000,1940,55.9465646743774,51.5073318481445
66,502000,1942,59.1570491790771,57.2246322631836
66,561000,1946,51.5073299407959,51.1211395263672
66,604000,1948,57.4109420776367,57.2728385925293
66,735000,1952,51.1211409568787,62.7061386108398
66,763000,1954,57.2728395462036,63.4348258972168
66,951000,1960,63.4348258972168,53.1404800415039
66,1006000,1964,54.7037644386292,52.2596168518066
66,1007000,1966,53.1404793262482,45.9745330810547
66,1017055,1970,52.2596180438995,42.7017135620117
66,1078697,1972,45.9745349884033,46.5955505371094
66,1189295,1976,42.9429650306702,53.773868560791
66,1238034,1978,46.5955495834351,43.8750190734863
66,1363823,1982,53.7738680839539,63.3079605102539
66,1416717,1984,43.8758759498596,27.0392532348633
66,1490337,1988,63.3114967346191,53.9704551696777
66,1519933,1990,27.062967300415,29.784294128418
66,1653329,1994,53.9901032447815,61.7010955810547
66,1706151,1996,32.5292072296143,34.9731025695801
66,1819017,2000,61.7235708236694,70.6051406860352
66,1855309,2002,34.9731025695801,61.327995300293
67,422000,1914,48.6242651939392,38.5854721069336
67,436000,1916,58.4944801330566,48.6240196228027
67,453000,1920,40.9891815185547,37.5695571899414
67,467000,1922,50.232158601284,55.5168762207031
67,494000,1926,38.0286273956299,56.6633682250977
67,504000,1928,55.8011932373047,53.0615272521973
67,517000,1932,57.4744806289673,55.8013153076172
67,522000,1934,53.810179233551,62.8456535339355
67,535000,1938,55.8013143539429,59.9113883972168
67,552000,1940,62.8456535339355,48.7626571655273
67,605000,1944,59.9113893508911,45.8319473266602
67,638000,1946,48.7626597881317,45.7440071105957
67,689000,1950,45.9860458374023,46.0438117980957
67,724000,1952,45.74400806427,38.7307739257812
67,809000,1956,46.0438086986542,47.6290092468262
67,845000,1958,51.9491195678711,57.3304405212402
67,958000,1962,47.6290092468262,45.8348236083984
67,978000,1964,57.3304414749146,56.1595802307129
67,1029000,1968,46.0756049156189,44.0700187683105
67,1059273,1970,56.8397789001465,42.8930397033691
67,1200471,1974,47.0376238822937,25.4845199584961
67,1274928,1976,43.6533241271973,41.3491287231445
67,1461037,1980,25.9194049835205,26.550235748291
67,1558314,1982,41.5363922119141,31.7408084869385
67,1662834,1986,27.1225051879883,39.7147445678711
67,1689372,1988,32.3065166473389,29.140775680542
67,1821498,1992,42.1658353805542,32.970100402832
67,1930436,1994,29.140775680542,31.5145816802979
67,2100562,1998,34.494119644165,28.4027214050293
67,2233183,2000,32.9652690887451,31.0649242401123
67,2401580,2004,29.8357734680176,32.7667236328125
68,174000,1916,52.9972448348999,57.3018379211426
68,181000,1918,42.2330913543701,44.8168487548828
68,208000,1922,57.3018388748169,53.4951095581055
68,226000,1930,40.9541845321655,53.8264198303223
68,233000,1934,56.8333921432495,58.7350082397461
68,240000,1936,54.21075963974,45.4052581787109
68,250000,1940,58.7350053787231,56.2097663879395
68,251000,1942,45.4052567481995,57.1078071594238
68,254000,1946,56.2097668647766,48.3646812438965
68,293000,1952,48.3646810054779,50.8378791809082
68,293000,1954,51.5313744544983,43.6282920837402
68,315000,1958,50.8378803730011,53.9881401062012
68,339000,1964,53.9881408214569,55.7799224853516
68,323000,1966,48.2039942741394,28.6857604980469
68,332416,1970,55.7799234390259,45.4134712219238
68,347345,1972,28.6857604980469,37.8332977294922
68,396952,1976,45.4134702682495,43.3432426452637
68,432880,1978,37.8332977294922,21.6829490661621
68,506400,1982,43.3432416915894,49.6347351074219
68,504896,1984,21.6829471588135,36.0637435913086
68,465101,1988,49.6347352862358,39.3074226379395
68,453401,1990,36.0637426376343,42.2135047912598
68,474982,1994,40.2168960571289,22.038387298584
68,480085,1996,44.0749111175537,27.046049118042
68,493786,2000,24.1328468322754,29.8603057861328
68,500017,2002,27.046049118042,24.2576389312744
71,2934000,1914,45.9311261177063,40.6645431518555
71,3071000,1916,34.2280073165894,23.7583065032959
71,3554000,1920,45.827446937561,36.8787956237793
71,3991000,1922,30.8018989562988,18.2224636077881
71,4929000,1926,36.8847770690918,43.3871192932129
71,5344000,1928,22.0612907409668,0
71,6656000,1938,22.3270530700684,52.2854042053223
71,9559000,1946,45.057596206665,0
71,13713000,1956,45.8304138183594,43.4288215637207
71,17072000,1962,43.5583381652832,51.8179550170898
71,19394000,1968,52.4724097251892,60.5335998535156
71,19971069,1970,54.7668352127075,46.8781623840332
71,21173865,1974,62.1528511047363,56.5056457519531
71,21935909,1976,48.3531699180603,44.7759971618652
71,23667902,1980,59.6788358688354,49.2895965576172
71,24820009,1982,46.6203286647797,44.0007171630859
71,27102237,1986,50.7087156176567,47.9037895202637
71,30875920,1992,52.4504601955414,53.057487487793
71,31317179,1994,50.9521096944809,55.8427886962891
71,32682794,1998,55.0232038497925,55.2263679504395
71,33871653,2000,59.6279335021973,59.4310531616211
71,35574576,2004,59.5268650054932,52.1821022033691
72,736000,1914,54.7746152877808,43.5308494567871
72,763000,1918,44.0616025924683,24.6749477386475
72,788000,1920,46.3974997997284,36.3439254760742
72,856000,1924,29.3559722900391,27.9334602355957
72,905000,1926,48.2775956392288,38.8620338439941
72,956000,1930,34.9386129379272,48.3188781738281
72,1025000,1936,49.3131920695305,22.944055557251
72,1067000,1938,45.1405897140503,39.2884140014648
72,1233000,1944,39.2884140014648,23.1957187652588
72,1405000,1948,39.9693126678467,50.2163124084473
72,1698000,1956,54.1955394744873,54.1535453796387
72,1769000,1960,54.6137256622314,48.2250633239746
72,1818000,1962,54.1731805801392,49.7776222229004
72,1969000,1966,48.247104883194,46.157772064209
72,2004000,1968,49.7884914278984,44.8403854370117
72,2197297,1972,46.2189106941223,38.2755317687988
72,2285013,1974,44.9556632041931,44.0127716064453
72,2518298,1978,38.3168172836304,33.4329719543457
72,2633105,1980,45.9523243904114,36.0398254394531
72,2666588,1984,33.4519481658936,46.1897354125977
72,2683528,1986,36.5435409545898,46.499683380127
72,2858547,1990,46.2541909217834,45.9017944335938
72,3195087,1996,48.0530500411987,39.6061935424805
72,3282055,1998,63.629472732544,63.3920974731445
72,3513424,2002,41.698802947998,48.904670715332
72,3569463,2004,65.8230323791504,57.2240295410156
73,1231000,1914,44.3891749382019,17.7952842712402
73,1255000,1916,40.8337879180908,44.2433547973633
73,1373000,1920,30.6970481872559,46.5161056518555
73,1415000,1922,50.647996366024,53.4153060913086
73,1551000,1928,53.4833178520203,60.9247665405273
73,1584000,1932,63.9530954360962,62.6226196289062
73,2092000,1944,55.3457288742065,53.4006538391113
73,2288000,1946,45.4444828033447,56.2263412475586
73,2379000,1950,53.709469795227,61.0902366638184
73,2448000,1952,56.347384929657,67.3235397338867
73,2668000,1956,61.090235710144,52.093921661377
73,2773000,1958,67.9725456237793,72.2082824707031
73,2942000,1962,52.3939564228058,64.4128112792969
73,2961000,1964,72.2082805633545,82.4315032958984
73,3270000,1968,64.5740537643433,60.7047500610352
73,3413244,1970,83.2110214233398,71.8403244018555
73,3549946,1974,62.31263256073,45.8265571594238
73,3693610,1976,73.7967872619629,68.9566345214844
73,4132156,1980,45.8265557289124,50.6570739746094
73,4452720,1986,50.9922489523888,53.9918823242188
73,4639893,1988,48.9133059978485,44.2514953613281
73,5139011,1992,53.9918839931488,58.4140014648438
73,5334896,1994,44.2514953613281,48.7302856445312
73,5687832,1998,58.4140005111694,54.9804878234863
73,5894281,2000,50.0452786684036,56.8526992797852
73,6178645,2004,56.1221494674683,52.3648262023926
81,226000,1960,63.4249210357666,75.5386962890625
81,246000,1962,58.1409749984741,45.1335105895996
81,285000,1968,53.8557543754578,58.2803535461426
81,324464,1972,22.6973056793213,24.0946388244629
81,341063,1974,58.2803544998169,45.9339637756348
81,404766,1978,24.2510681152344,28.4850654602051
81,401851,1980,46.1240603923798,44.0965461730957
81,513702,1984,28.6582412719727,32.1925506591797
81,544268,1986,45.0368075370789,38.4061851501465
81,553120,1990,32.9819393157959,10.3386573791504
81,587073,1992,42.6791920661926,19.7211990356445
81,604918,1996,16.8164329528809,10.5132694244385
81,642337,2002,16.1715621948242,47.7670783996582
81,659286,2004,49.3544518947601,23.8297443389893
82,684000,1962,69.409912109375,83.3959808349609
82,700000,1964,46.6577916145325,48.4287261962891
82,734000,1968,84.2048301696777,82.9083099365234
82,769913,1970,48.4287261962891,53.7270126342773
82,867978,1974,82.9083099365234,77.9445571899414
82,904191,1976,56.5511507987976,80.0841979980469
82,964691,1980,79.7592754364014,73.5691833496094
82,993780,1982,81.5451507568359,76.5542984008789
82,1051762,1986,73.569185256958,57.269115447998
82,1149926,1992,65.1704053878784,79.1843795776367
82,1173903,1994,73.7977104187012,72.684684753418
82,1190472,1998,80.6798896789551,75.5101165771484
82,1211497,2000,74.0889644622803,61.3489570617676
82,1273569,2004,77.2611789703369,74.8077011108398
