index,processor,year,transistors,designer,process_nm,area_mm2
1,TMS 1000,1971,2300,Intel,10000,12
2,Intel 4004,1972,3500,Intel,10000,14
3,Intel 8008,1974,8000,Texas Instruments,8000,NA
4,MOS Technology 6502,1974,4100,Motorola,6000,16
5,Motorola 6800,1974,4500,Intel,6000,20
6,Intel 8080,1974,5000,RCA,5000,27
7,RCA 1802,1975,3510,MOS Technology,8000,21
8,Intel 8085,1976,6500,Intel,3000,20
9,Zilog Z80,1976,8500,Zilog,4000,18
10,Motorola 6809,1978,9000,Motorola,5000,21
11,Intel 8086,1978,29000,Intel,3000,33
12,Intel 8088,1979,29000,Intel,3000,33
13,WDC 65C02,1979,68000,Motorola,3500,44
14,Intel 80186,1981,11500,WDC,3000,6
15,Motorola 68000,1982,55000,Intel,3000,60
16,Intel 80286,1982,134000,Intel,1500,49
17,WDC 65C816,1983,22000,WDC,3000,9
18,Motorola 68020,1984,190000,Motorola,2000,85
19,Intel 80386,1985,275000,Intel,1500,104
20,ARM 1.00,1985,25000,Acorn,3000,50
21,Novix NC4016,1985,16000,Harris Corporation,3000,NA
22,ARM 2.00,1986,30000,Acorn,2000,30
23,68030,1987,273000,Motorola,800,102
24,TI Explorer's 32-bit Lisp machine chip,1987,553000,Texas Instruments,2000,NA
25,DEC WRL MultiTitan,1988,180000,DEC WRL,1500,61
26,Intel i960,1988,250000,Intel,600,NA
27,Intel 80486,1989,1180235,Intel,1000,173
28,ARM 3.00,1989,310000,Acorn,1500,87
29,68040,1990,1200000,Motorola,650,152
30,R4000,1991,1350000,MIPS,1000,213
31,ARM 6.00,1991,35000,ARM,NA,NA
32,Pentium,1993,3100000,Intel,800,294
33,ARM 700.00,1994,578977,ARM,NA,NA
34,68060,1994,2500000,Motorola,600,218
35,SA-110,1995,2500000,Acorn/DEC/Apple,350,50
36,ARM 9TDMI,1995,5500000,Intel,500,307
37,Pentium Pro,1996,4300000,AMD,500,251
38,AMD K5,1997,7500000,Intel,350,195
39,Pentium II Klamath,1997,8800000,AMD,350,162
40,Pentium II Deschutes,1998,7500000,Intel,250,113
41,AMD K6,1999,111000,Acorn,350,4
42,Pentium III Katmai,1999,9500000,Intel,250,128
43,Pentium III Coppermine,1999,27400000,Intel,180,180
44,Pentium II Mobile Dixon,1999,21300000,AMD,250,118
45,Pentium III Tualatin,1999,2.2E+07,AMD,250,184
46,AMD K6-III,2000,2.1E+07,Intel,180,80
47,AMD K7,2000,4.2E+07,Intel,180,217
48,Pentium 4 Willamette,2001,4.5E+07,Intel,130,81
49,Pentium 4 Northwood,2002,5.5E+07,Intel,130,145
50,Pentium 4 Prescott,2002,2.2E+08,Intel,180,421
51,Pentium 4 Prescott-2M,2003,54300000,AMD,130,101
52,Pentium 4 Cedar Mill,2003,105900000,AMD,130,193
53,Pentium D Smithfield,2003,4.1E+08,Intel,130,374
54,Pentium D Presler,2004,1.12E+08,Intel,90,110
55,Atom,2004,5.92E+08,Intel,130,432
56,Barton,2005,1.69E+08,Intel,90,143
57,AMD K8,2005,2.28E+08,Intel,90,206
58,Itanium 2 McKinley,2006,1.84E+08,Intel,65,90
59,Cell,2006,3.62E+08,Intel,65,162
60,Core 2 Duo Conroe,2006,2.41E+08,Sony/IBM/Toshiba,90,221
61,Core 2 Duo Allendale,2006,2.91E+08,Intel,65,143
62,Itanium 2 Madison 6M,2006,1.7E+09,Intel,90,596
63,Atom Medfield,2007,1.69E+08,Intel,65,111
64,AMD K10 quad-core 2M L3,2007,4.63E+08,AMD,65,283
65,ARM Cortex-A9,2007,2.6E+07,ARM,45,31
66,Core 2 Duo Wolfdale 3M,2007,4.11E+08,Intel,45,107
67,Itanium 2 with 9 MB cache,2007,7.89E+08,IBM,65,341
68,Core 2 Duo Wolfdale,2008,4.7E+07,Intel,45,24
69,Core i7 (Quad),2008,2.3E+08,Intel,45,83
70,AMD K10 quad-core 6M L3,2008,7.31E+08,Intel,45,263
71,POWER6,2008,7.58E+08,AMD,45,258
72,Six-core Opteron 2400,2008,1.9E+09,Intel,45,503
73,16-core SPARC T3,2009,9.04E+08,AMD,45,346
74,Apple A7 (dual-core ARM64 mobile SoC),2010,1E+09,Sun/Oracle,40,377
75,Quad-core + GPU Core i7,2010,1.17E+09,Intel,32,240
76,Six-core Core i7 (Gulftown),2010,1.2E+09,IBM,45,567
77,8-core POWER7 32M L3,2010,1.4E+09,IBM,45,512
78,8-core AMD Bulldozer,2010,2E+09,Intel,65,699
79,Quad-core + GPU AMD Trinity,2010,2.3E+09,Intel,45,684
80,Quad-core z196,2011,1.16E+09,Intel,32,216
81,Quad-core + GPU Core i7 Ivy Bridge,2011,2.27E+09,Intel,32,434
82,Quad-core + GPU Core i7 Haswell,2011,2.6E+09,Intel,32,512
83,Dual-core Itanium 2,2012,4.32E+08,Intel,32,64
84,Quad-core + GPU GT2 Core i7 Skylake K,2012,1.2E+09,AMD,32,315
85,Six-core Core i7 Ivy Bridge E,2012,1.303E+09,AMD,32,246
86,Dual-core + GPU Iris Core i7 Broadwell-U,2012,1.4E+09,Intel,22,160
87,Six-core Xeon 7400,2012,2.1E+09,IBM,32,567
88,Quad-core Itanium Tukwila,2012,2.75E+09,IBM,32,597
89,Apple A8 (dual-core ARM64 mobile SoC),2012,3.1E+09,Intel,32,544
90,8-core POWER7+ 80 MB L3 cache,2012,5E+09,Intel,22,720
91,Six-core Core i7/8-core Xeon E5 (Sandy Bridge-E/EP),2013,1E+09,Apple,28,102
92,8-core Xeon Nehalem-EX,2013,1.86E+09,Intel,22,256
93,8-core Core i7 Haswell-E,2013,4.2E+09,IBM,22,650
94,10-core Xeon Westmere-EX,2013,5E+09,Microsoft/AMD,28,363
95,Six-core zEC12,2014,1.4E+09,Intel,22,177
96,Apple A8X (tri-core ARM64 mobile SoC),2014,2E+09,Apple,20,89
97,Qualcomm Snapdragon 835 (octa-core ARM64 mobile SoC),2014,2.6E+09,Intel,22,355
98,8-core Itanium Poulson,2014,3E+09,Apple,20,128
99,10-core Core i7 Broadwell-E,2014,4.31E+09,Intel,22,541
100,Apple A10 Fusion (quad-core ARM64 mobile SoC),2014,5.56E+09,Intel,22,661
101,IBM z13,2015,1.75E+09,Intel,14,122
102,12-core POWER8,2015,1.9E+09,Intel,14,133
103,Apple A11 Bionic (hexa-core ARM64 mobile SoC),2015,3.99E+09,IBM,22,678
104,15-core Xeon Ivy Bridge-EX,2015,7.1E+09,IBM,22,678
105,8-core Ryzen,2015,1E+10,Oracle,20,NA
106,61-core Xeon Phi,2016,3E+09,Qualcomm,10,NA
107,Xbox One main SoC,2016,3.2E+09,Intel,14,246
108,18-core Xeon Haswell-E5,2016,3.3E+09,Apple,16,125
109,IBM z14,2016,7.2E+09,Intel,14,456
110,Xbox One X (Project Scorpio) main SoC,2017,4.3E+09,Apple,10,89
111,IBM z13 Storage Controller,2017,4.8E+09,AMD,14,192
112,22-core Xeon Broadwell-E5,2017,6.1E+09,IBM,14,696
113,POWER9,2017,7E+09,Microsoft/AMD,16,360
114,IBM z14 Storage Controller,2017,8E+09,IBM,14,695
115,32-core SPARC M7,2017,9.7E+09,IBM,14,696
116,32-core AMD Epyc,2017,1.92E+10,AMD,14,4
117,"HiSilicon Kirin 710 (octa-core ARM64 mobile SoC, SIMD, caches)",2018,5.5E+09,Huawei,12,NA
118,"Apple A12 Bionic (hexa-core ARM64 mobile SoC,SIMD, caches)",2018,6.9E+09,Apple,7,83.27
119,"HiSilicon Kirin 980 (octa-core ARM64 mobile SoC, SIMD, caches)",2018,6.9E+09,Huawei,7,74.13
120,"Qualcomm Snapdragon 8cx / SCX8180 (octa-core ARM64 mobile SoC, SIMD, caches)",2018,8.5E+09,Qualcomm,7,112
121,"Qualcomm Snapdragon 855 (octa-core 64/32-bit ARM64 mobile SoC, SIMD, caches)",2019,6.7E+09,Qualcomm,7,73
122,"Qualcomm Snapdragon 865 (octa-core 64/32-bit ARM64 mobile SoC, SIMD, caches)",2020,1.03E+10,Qualcomm,7,83.54
123,"Apple A12X Bionic (octa-core 64/32-bit ARM64 mobile SoC, SIMD, caches)",2018,1E+10,Apple,7,122
124,"Fujitsu A64FX (64/32-bit, SIMD, caches)",2018,8.786E+09,Fujitsu,7,NA
125,Tegra Xavier SoC (64/32-bit),2018,9E+09,Nvidia,12,350
126,"AMD Ryzen 7 3700X (64-bit, SIMD, caches, I/O die)",2019,5.99E+09,AMD,7,199
127,HiSilicon Kirin 990 4G,2019,8E+09,Huawei,7,90
128,"Apple A13 (hexa-core 64-bit ARM64 mobile SoC, SIMD, caches)",2019,8.5E+09,Apple,7,98.48
129,"AMD Ryzen 9 3900X (64-bit, SIMD, caches, I/O die)",2019,9.89E+09,AMD,7,273
130,HiSilicon Kirin 990 5G,2019,1.03E+10,Huawei,7,113.31
131,"AWS Graviton2 (64-bit, 64-core ARM-based, SIMD, caches)",2019,3E+10,Amazon,7,NA
132,"AMD Epyc Rome (64-bit, SIMD, caches)",2019,3.954E+10,AMD,7,1008
133,"TI Jacinto TDA4VM (ARM A72, DSP, SRAM)",2020,3.5E+09,Texas Instruments,16,NA
134,"Apple A14 Bionic (hexa-core 64-bit ARM64 mobile SoC, SIMD, caches)",2020,1.18E+10,Apple,5,88
135,"Apple M1 (octa-core 64-bit ARM64 SoC, SIMD, caches)",2020,1.6E+10,Apple,5,119
136,HiSilicon Kirin 9000,2020,1.53E+10,Huawei,5,114
137,Apple A15,2021,1.5E+10,Apple,5,NA
138,"AMD Ryzen 7 5800H (64-bit, SIMD, caches, I/O and GPU)",2021,1.07E+10,AMD,5,180